Event, mu_E, mu_Px, mu_Py, mu_Pz, B1_E, B1_Px, B1_Py, B1_Pz, B2_E, B2_Px, B2_Py, B2_Pz, J1_E, J1_Px, J1_Py, J1_Pz, J2_E, J2_Px, J2_Py, J2_Pz, J3_E, J3_Px, J3_Py, J3_Pz
0, 51268.2, 23427.4, -30694.4, 33725.7, 144539, 30556.9, -124646, 66221.1, 41345.7, -36846.1, 16340.4, 7131.34, 130790, -2839.64, 83141.7, 100690, 153528, 24049.1, 36265.6, -147189, 62572, -33733.8, -15020.8, -50334.6
8, 62607.2, -55928.2, -27403.4, -6382.09, 143720, -90881.3, 80127.7, -76677.3, 63423.3, 16406.2, -58006.9, -18648.5, 200560, 163967, 44228.2, 104774, 49101.6, 37159, -12960.1, -28853.1, 31804.9, -28743.6, 11803.6, -203.991
41, 175318, 110076, -128700, 45341.2, 209660, -110486, 118174, -132929, 54280.7, -18821.1, -23772.5, 44825.5, 41029.6, -13010.4, 35725.8, -14619.2, 82184.9, 32212, 13286.3, -73960.8, 68410.5, 8936.84, 32453.5, 59377.2
44, 125126, 32677.8, 102847, 63335.1, 75826.2, -60117, -44410.6, 1588.44, 78404.3, 42069.9, -48633.8, -44018.6, 68863.9, -12781.9, 62414.2, -24681.6, 85371.5, -40072.9, -22510, 71706.7, 112722, 19212.2, -19288.7, -109245
52, 81170.1, 45960.6, -38977.6, -54377.8, 209614, -41145.2, 31890.1, -202909, 126913, 3283.89, -25307, -124202, 128797, 22578, 62056.2, -110476, 168499, 14308.5, 42066.1, -162219, 55170.7, 9476.58, -26691.3, 46793.3
54, 57112.3, -27548.2, -11543.4, 48679.1, 94604.3, 75844.5, 11125.9, 54935.5, 62265.7, -59559.2, 14900.6, 7875.56, 188529, 54178.3, 52863.7, 172373, 76889.2, -33471.2, 22995.2, 64844.8, 77868.8, -13785.2, -22157.4, 73276.7
100, 64891.5, -22903.1, -44698, -41090.5, 357215, 225382, 161059, -223992, 178392, -103229, -140218, -34804.6, 155394, 44551.5, 83469.6, -122820, 112392, -26776.7, -45081.7, -99077.6, 160494, -20458.6, -25679.6, -156987
113, 78314, 22202.4, -56183.6, 49835, 113049, -61189.5, -73349.9, 58952.8, 477914, -18611.1, 92801.4, 468333, 255630, 55598, 60960.3, 241655, 80150.7, 11917.1, -29612.1, 73269.8, 46334.9, 21388.2, 13032.1, -38665
123, 190124, -81916.9, 85738.1, -148612, 216100, -152038, 39321.8, -148055, 61357.8, 47930.1, 21733, -30976.8, 127281, 67982.1, -102051, 30354.6, 60085.1, 47840.1, -14920.2, 32210.4, 144231, 32883.8, -13119.1, 139745
131, 71425.3, -39384.6, 5885.81, 59294, 88519.9, 73560.6, -8235.37, 47645.9, 43936.9, -43477.7, -4070.32, 1204.21, 105857, 51266, 59229.3, -70810.9, 75474.1, 39324.6, -51689.6, 37531.2, 38197.5, -31740, 5191.16, -20362.3
135, 207643, 149759, -21907.2, 142155, 180682, 154784, 63474.1, 61411.4, 110990, 35890.4, 7817.95, 104535, 611553, -154659, -93118.9, 584152, 234814, -150535, -20039.3, 178529, 67938.3, -56305.9, 20549, 31175.5
148, 237260, 25133.1, -36942.2, -233014, 58322.6, -35156.2, -43327.8, -11318.6, 68069.6, -45632.1, -18725.4, -46189.5, 51836.8, -8296.45, 50439, 2188.79, 32040.6, 7412.21, 29214.8, 10242.3, 104267, -9615.13, -26010.8, 100356
158, 66935.6, 11370.6, 46682.1, 46603.2, 183797, -119936, -57396.5, 126645, 56760.8, 49194.8, -23847.4, 13310.9, 114200, -70490.8, 44533, 77603.4, 38886.3, 35554.8, 8775.02, 11379.2, 28684.2, 19490, -16877.1, -11432.2
190, 72377.5, 3793.92, 43645.8, -57612, 127528, -62221.9, 109485, -16334.8, 83684.5, 74460.3, -37459.4, 934.495, 176478, -138254, -91833.3, -58746.8, 154481, 83797.7, 6075.89, -129484, 37010.5, 15303.9, 32896, 4081.52
197, 114083, 97551.5, -50380.3, -30992.2, 153090, 81991.4, -96381.1, 83110.6, 122535, -91769.7, 54268.7, -57938.7, 153310, -114231, 56542.6, 84289.5, 182093, 71508.7, -25041.1, 165376, 31774.4, 44.2288, 26742.7, 15604.6
207, 50208.3, 38761.9, 458.207, -31908.6, 342241, 33216.5, -209583, -268088, 121906, -101629, -62454.3, 20883.7, 621179, -242175, 524477, -215979, 693321, -23788.6, -247218, 645847, 325791, 152760, 112466, -264567
217, 106207, -56045.2, -28549.3, -85579.1, 37420.2, 34745.8, 12198.9, -2206.37, 45093.3, -33165, -14551.8, 25656.6, 77883.8, 36129.8, 58274.8, 35809.4, 112800, 53682.3, 18309.3, 96977.1, 49513.6, -12436.6, 22141.5, 42290.2
239, 124584, -25625.9, -35392.4, -116669, 110625, 69550.8, -14608.5, -84431.3, 237141, 4648.5, 60544.8, -229099, 65069.3, -18786.2, -39287.4, -48165.1, 123459, -34525.6, 23563.2, -115982, 52651, -30933.8, 26452.3, -32774.6
248, 81305.8, -34.8808, 51913.1, 62575.1, 357539, -77117, 80493, 339276, 326922, -78936.8, -21677.6, 316384, 1.28463e+06, 34851.2, -209287, -1.26666e+06, 76320.1, 45579.3, 59587, 8860.62, 53689.2, 33521.8, 12446.5, 39162.6
250, 87450.8, 10311.6, 58308, 64354.4, 133683, -124682, -35775.5, 29990.3, 69902.2, 47817, 284.749, 50490.7, 176253, 107689, -131241, -46220.3, 436268, 151679, 57370.9, 404922, 81844.9, -59024.9, -1387.14, 56086.6
257, 74674.6, 17720.1, 59248.8, -41855.2, 139348, 99765.7, -35926.2, -89852, 52213, -39496.7, -23404.3, -23019.7, 111947, -79295.9, -37655.9, 68801.1, 142016, -58065, 34084.2, 124614, 151221, 26577.2, 16118.5, 147904
287, 284335, -5667.9, 52196.3, 279446, 101572, 40967.3, -17161.3, 91198.1, 41709.6, 39897.8, 8798.12, -1242.55, 199428, 38812.2, -140702, -135049, 99459.7, -33428.3, 28992.6, -88813.6, 31293.3, 23292.2, 17254.2, -10869.6
307, 70505.8, -617.288, 41920.7, 56686.2, 157912, -33906.5, -79355.9, -131469, 80286, 73304.9, -28232.3, -9120.77, 394543, -53212.6, 73795.7, -383741, 115277, 21258.4, 31174.5, 108597, 27393.6, -20596.9, 15865.5, -6923.53
341, 212199, 59897.6, -12696.5, 203174, 307694, -74632.7, 73910.3, 288911, 70176.8, 14477.1, 60222.2, 31579.6, 309240, -35634.1, 74172.6, -297980, 73632, 24772.2, -54279.7, 43041.4, 274432, -41138.1, -39841.7, 268294
343, 146828, -61120.9, 73585.9, -111390, 211857, 95807.8, -121120, -144193, 86400.9, 1766.86, 37152.8, -77803.3, 125963, -44160.2, -11946.8, 117203, 96494.8, 28076.7, 32565.3, -85914.6, 63971.2, -6970.7, -29303.2, -56168.8
347, 37790.3, 5825.95, 36572.8, -7522.4, 292481, -121017, -116500, 238860, 50951.7, -47131.9, 2196.85, 18031.8, 308525, 116783, -199881, -202822, 267620, -34833.9, 121137, 235859, 280887, 13005, 68987.3, 271850
383, 66935.3, -43017.8, -49621.7, -12941.3, 159798, -14967.4, 57801.6, -148030, 42375.2, 29456.2, 27377.9, 11066.1, 267037, 133912, -26045.5, 229196, 144295, 46175.8, -16551.7, -135643, 87076.3, -38292.4, -29890.4, -72039.7
406, 92577.9, 80452.4, 45584.7, -4483.86, 48892.5, -34073.4, -28423.7, 19067.6, 106968, 26674.8, 18894.3, 101682, 201868, -78383.6, 86590.1, 163866, 242228, -23532.9, 65810.6, 231725, 54822.6, 7775.07, -51548.9, -14949
409, 55610.8, -4195.67, -51143.8, 21430.2, 182256, -83420.9, -109786, 118713, 462022, 111617, -31480.1, -447153, 182113, -10955.4, 128542, 128289, 176672, -63774.3, 28204.9, 162144, 66315.4, 17108.3, 18740.3, 61099.6
439, 59260.7, 16255.3, 38605.1, 41919.3, 105968, -95485.4, 20344.1, 40687.6, 103229, 62902.7, 9325.26, 81136.1, 348931, 76950.2, -39380.1, -337910, 115304, -9365.82, -79898.6, 82038.7, 28498.2, 13652.9, 24170, 1535.54
462, 116502, -20031.7, -36601.6, 108774, 166822, 62218.5, 47089.2, 147164, 80343.9, -29503.7, 48533.6, 55860.6, 94745.8, 9488.87, -62260.5, 70486.3, 34110.6, 4609.71, -25471.7, -21972.3, 34620.4, 24277.6, 7956.16, 22811.1
463, 66619.3, -46692, 17288.8, 44261.4, 84047.1, -33143.1, -50809.2, -57463.9, 58501.5, 19263.5, 30804.7, -45642.8, 54492.6, 51343.8, -14823.1, -8864.89, 46741.7, -3269.15, 35055.2, -29534.2, 35460.8, -30485.5, 16968.9, -3233.65
467, 367276, 160116, 53317.1, -326208, 137038, -71193.1, 3164.88, -116743, 46917.9, 23555.8, 38804, -10065.3, 103754, -101159, 9074.77, -17993.2, 86255, -60965, -57875.2, -17324.1, 57998, 29453.3, -22084.5, 43947.4
477, 43799.3, 11758.8, -30175.2, 29488.2, 84670.5, -34807.3, 73463.9, -20512.9, 238364, -22508, 73390.2, -225411, 79548.7, 5306.48, -43903.4, -65770.6, 42492.1, 41027.2, -2775.05, -5959.53, 80476.1, 35131.6, -18515.8, -69823.9
516, 191935, -44520.6, -17883, 185842, 214400, -7453.09, -154138, 148062, 76310.8, -65327.5, 22768.6, -31659, 190836, 105577, 91060.2, -127449, 278884, -76188.1, 46290.2, 264009, 89102, 34270.4, 51090.6, 64163.4
524, 163429, -2103.84, 84407, -139929, 204205, 1857.78, 73828.5, 190172, 87928.2, -16207.3, -52888.7, -67975.1, 228880, 25518.2, -50987.7, -221581, 49576, 41598.3, 12668.1, -22812.3, 78671, 16782.6, -26913.9, -71855.6
542, 100050, -41310.6, -29275, -86292, 141135, -36975.3, 61852, -120841, 47078.7, -17257.8, -32752.1, -28494.1, 133174, 83203.4, 21556, -101617, 67600.8, 60488, -13029.7, -26307.3, 74883.3, 10366, 57566.9, -46233.7
553, 258241, -54564, 7558.03, 252298, 203173, 16816.9, -70659.2, 189542, 47136.5, 32038.7, -29581.6, 14967, 170534, -100850, 43092.1, 130101, 264097, 75175.6, -43458, 249289, 109747, -25485.8, 82469.2, 66708.2
559, 37525.1, -31554, 17679.4, -9995.34, 703643, 71819.5, -176150, -676276, 93447.4, -47760.1, -7697.66, -79552.1, 60193.5, 25313.7, -44838.8, -29519.2, 116489, -12498.4, 47210.7, 105492, 131098, -33377.3, -5509.35, -126490
572, 182141, 12104.2, -45765.5, -175881, 280060, -36670.3, 73834.3, -267635, 68367.2, -42865.1, 28052, 43947.2, 142172, 49827.3, 101132, -84222, 267082, -13146.2, -109039, -242795, 188394, 46641.4, 34265.3, -179217
575, 113455, 33033, 75843.8, -77643.2, 50220.8, 44238, -9025.99, -20528, 54942.5, 32875.4, -17279.4, 39924, 54291.9, -50667.7, 16367.5, -3802.66, 47929.4, -41860.2, -20657.4, 6416.05, 43241.6, -30513.4, -27576.7, -11219.6
589, 73949.7, 70465.4, -11423.8, -19304.4, 162892, 66966.9, -86970.6, -118842, 156623, -55366.1, 46005, 138512, 79774.1, 31751.5, 51893, -50589, 81739.4, -55056.4, 14610.7, 57663.6, 53233.1, -24771.8, -41343, 21709.6
596, 95767.9, 3911.16, 52851.4, -79767.8, 69675.2, -19746.4, -58846.7, -29643.7, 96875.4, 26294.6, -10320.1, -92520.5, 173541, -150766, 41300.2, 74451, 83920.8, 46772.4, 22246.8, -65725.1, 84183.8, 12062.1, -33544.1, -75907.8
607, 62285.8, -40145.4, 27907.6, -38587.8, 134036, -111726, -68849.6, 25442.5, 209552, 48932.6, 86061.4, -184463, 148645, 2466.94, -57207.3, -136931, 87548, 48287.9, -16957.5, -70721.4, 159584, 16416, 28214.2, -156110
609, 80391.4, 47444, -31680.5, 56640.8, 211850, 61510.9, 65371.5, 191859, 45405.5, -11258.4, 40383.8, 16211, 224303, -12262.7, -82304.6, 207950, 80580.4, -78762.6, 9830.83, -10155, 70870.9, -40311.6, -38519.5, 43463.4
616, 79875.4, -12593.2, 31836.5, -72165.9, 209813, -51784.8, -133991, 151792, 46184.4, -38871.1, 23891, 2868.84, 120166, 67898.2, -33602.8, 92855.7, 56922.7, -26092.1, 47555.8, -15864.7, 71717.4, 20379.8, 31125, 60940.3
619, 81764.4, -68705.7, 993.668, 44316.5, 289074, -38182.9, 103370, 267055, 64401.9, 48434.9, -35650.5, -22674.6, 59939.4, 29028.2, 38952.9, -34576.2, 57871.5, 1766.53, -47540.7, -32316.5, 141653, -38316.9, -806.321, -136219
628, 104263, -53067.5, -2352.19, 89716.3, 121464, -37264.1, 78397.4, 83729, 137313, 41325.8, -31553.5, 126857, 350938, 19421.6, -70428.9, 343001, 33863.7, 33073.4, -2922.19, 5263.29, 38774.2, -27272.8, 7679.38, -26001.5
631, 43477.4, 20606.7, 21935.3, -31376.4, 72956.1, 26150.9, -13603.3, 66522.2, 90464.3, 22114.7, 16720.5, -85960.6, 1.08661e+06, 127907, 134813, 1.07054e+06, 594372, -145012, -44612.7, -574522, 65145.6, -4324.83, -45409.8, 45814.3
638, 99974.3, -52683.1, -62051.6, -58042.6, 129746, 48489.6, 119796, 7222.38, 91392.1, 5570.89, -68989.1, 59130.1, 67177.1, 64474.9, -15884.9, 1153.66, 83054.4, 13776.1, 41650.4, -69623.9, 27356.8, -23971.3, 7925.19, 8887.52
653, 109194, 42938.6, 80213.6, -60376.4, 146278, 95048.1, -110401, -4995.41, 210979, -89413.1, 67050.4, -178101, 53457, 45104.2, -13410.9, -24346.8, 50616, -41814.5, -18839.8, -20521.1, 115227, -24941.9, -13727.7, 111510
662, 73601.2, -10518.1, 53033.1, -49939.9, 217082, 104656, -122110, -145158, 93855, -46269.7, 19205.6, -78406.1, 77439.8, 43673, 32876.5, -54105.7, 113791, -44417.3, -31530.8, 99294.3, 33293.5, -18692, -24790.4, -9573.53
680, 33711.9, 18937, 20152.8, 19280.5, 194682, 173400, 7376.06, 87108, 188844, -79608.5, -45619.2, 164772, 98691.1, -79769.2, 5952.37, 57657.3, 31821.8, -10620.3, 28998, 4492.43, 173666, -24311.5, 14948.7, -171251
707, 38713.8, 34287.9, -1739.14, 17890.4, 105274, -88220.7, 25153.3, -50921, 48786.3, -37695.2, 18956.5, 23215.3, 140294, 113605, -20313.7, -76892.8, 84463.3, -16642, -48360, 66930, 34533, 23369, 10777.6, 22664.7
728, 169744, -43893.4, -148984, -68485.9, 212138, 62124.1, 21485.9, 201508, 31446.6, -28525.8, 8994.16, -8688.66, 101862, 19007.8, 57530.1, 81261.8, 155068, -44256.3, 36092, 143909, 209451, 13994.6, 42254.4, -204492
750, 139692, -48423.1, 25089.9, -128606, 262419, -28159.5, -111538, -235642, 95314.4, -9832.02, 90370.3, -26458.9, 744251, 125910, -65243.1, -730541, 51855.7, -43027.6, -3800.59, 28591.1, 39059.1, 33730.6, 17477.6, 5769.41
759, 99316.7, -49761.4, -56848.8, 64465.5, 250537, 12558.1, 203170, 143979, 162467, -10089.5, -152342, 52768.7, 378631, -39199.7, -79588.2, -367883, 242802, 27333.4, 83092.7, 226432, 268731, 43549.7, -20211.4, -264332
768, 44743.8, 43233.1, 9587.87, -6400.2, 100658, -74323.2, -15443.3, 65034, 97050.7, 7065.39, -40171.8, -87756.5, 251393, -40539.1, -49113.1, -243028, 64173.9, -24318.7, -31333.7, 50031.4, 35824.6, 21609, 21460.4, 17887.7
784, 255370, -99526.9, 95797.2, -214782, 54381.4, -39291.6, 23053.4, 29151.1, 57844.7, 29866.5, -5865.41, -48962.4, 232131, 74056.1, -11107.1, -219656, 51197.9, -6394.31, -50490.3, -2553.91, 32496.4, 21936.5, -22366.5, 8110.8
785, 68370.2, 49549.1, -12784.8, 45342.2, 145512, -59003.1, 8978.26, 132393, 89318.4, 44726, 7023.06, 76590.5, 130209, -57443.2, -27466.3, 113417, 47319.3, -37836.7, -21138.8, 18160.3, 143297, -7934.46, -26330, 140546
789, 67965.7, 8601.67, -44667.8, -50498.8, 89557.9, 10663.8, -82717.6, -30580.4, 130436, -55945, 56736.6, -103110, 65955.4, 51894.2, 36526.4, -14636.4, 91871.8, 54903.9, 22048.3, -69612.5, 30426, -25898.4, -1808.22, -15447.4
800, 81082.2, -14301.2, 30394.7, 73796.6, 457779, 63780.4, -98213.4, 442448, 109809, -37282.7, 90144, 49068.7, 54531.8, -40515.6, 15511.2, 32590.7, 42723.6, 3105.45, -40956.7, 10484.8, 40143.8, -7799.83, -28915, 25782.9
842, 53939.2, -14554.6, -44956.6, -26009.5, 80157.1, 64168.3, -14237.1, 45211.9, 142077, -24684.8, 42203.6, 133156, 93173.1, -1111.39, -75028.3, 54770.3, 51608.5, -16034.4, 45808, -16079.3, 51636.4, -28028.4, 28125.6, 31676
849, 41140.7, 12355.4, 38021.8, 9707.46, 244230, 2838.17, 101132, 221807, 88581.1, 4253.04, -71661.2, 50684.9, 114625, -72879.2, 20080.5, -85403.4, 193801, 24978.2, -49688.4, 185495, 119889, -8470.1, 25643.3, 116713
850, 109548, 8293.03, 53010.9, 95508.1, 163947, -78749.4, 9908.99, 143219, 69850.4, 28592.7, 50532.8, 37905.2, 147885, 67455.5, -60777.9, 116340, 31818.2, 23354.2, -20433.9, -5715.67, 32004.7, -1056.92, -29772.3, -11597.8
863, 226589, -144136, 106698, 138503, 220939, 169585, 10954.8, -140513, 129820, 2542.98, 50779.7, 119277, 191588, 164167, -50582.7, -83276.4, 73750.9, 30741.5, -55719.9, -35122.9, 221393, -33840.7, -41455.9, 214615
873, 133081, 16980.2, -127906, 32592.7, 123883, -30844.7, -118947, -5940.32, 239356, 7765.84, -85679.2, 223012, 556662, -65735.2, 285109, -473109, 117226, 20381.7, 73973.3, -87749.9, 198284, 18150.8, 45229.8, 192064
898, 52171.6, 41816.8, -16515.7, -26466.1, 81524, 39379.3, -32264.2, 63075.8, 90281.3, 21846.5, 23578.9, 84209.5, 343281, -216893, -18726.3, 264765, 142751, 118422, -495.378, 79169.6, 42289.9, 4922.52, 26927.3, 31876.5
906, 74535.6, 71908.5, -13936.5, 13801.5, 93357.5, -10235, 89774.9, -20154, 33827.1, -29819.8, -10595.3, 9867.23, 128033, 47255, -13515.2, 117950, 70579.9, 30552.4, 16001.2, 61310.2, 77569.4, -11553.6, -28693.4, 70789
909, 85157.6, -70546.3, -27418.2, -39029, 93538.1, 48974.6, -27902.8, -73899.4, 39578.9, -17081, 33679, -8249.01, 578255, 133527, 4034.51, 562503, 189559, -76080.7, 42958.7, -168050, 140773, -12270.6, 29345.6, -137034
910, 117585, 23100.6, -22771.6, 113023, 218056, 16820.9, -112256, 185807, 63793.7, -52420.5, 23473.1, 26191.3, 62844.7, -27146.7, 56255.4, -748.845, 103184, -2230.51, 31216.7, -98237.7, 41460.3, -12411.9, -28670.3, -26819.5
920, 79551.8, 30733.4, -55053, -48508.8, 118910, 43018.8, 8106.92, -110475, 129929, 30092.4, 23088.8, -124171, 50407.6, -30257, -37777.5, -11290.2, 46577.8, 31216, 22525.7, -25613.6, 26216.2, -6926.28, -24751.5, 2610.63
924, 112088, -49040.9, -54299, 84913.6, 177609, 124899, 47806.2, 114196, 50969.5, -11835.1, 48721.2, -5689.91, 404728, -86307.1, -22084.3, 394743, 148855, -32903.2, -65396.8, -129121, 180778, 16116.2, 37547.6, 175995
933, 109033, -17820.8, -31850.3, -102743, 77661.3, -3076.84, 56827.5, -52401.7, 48519.2, 24910.3, 35433.6, 20839.2, 71392.4, -22893.6, -58719.6, -33057.5, 55056.8, -53524.6, -2665.1, -10628.2, 86821.6, 28577.3, -17964.6, -79813.7
934, 57246, 34833.6, 5654.41, 45074.9, 154452, -70485.5, -5252.54, -136907, 108500, -39188.8, 44829.8, 90516.8, 233286, -97706.1, -126286, -169626, 190105, -15235.6, -117553, -147806, 138924, 39170, 49506.1, 123392
938, 135499, -25147.8, 12641.8, 132543, 139425, 87152.6, -35166.8, 102351, 31199.7, 9287.19, 25233.1, 14705.7, 198704, -143619, 101597, -89801.8, 39112.4, 14482.5, -21368.1, 28760, 96452, 4082.6, -25210.4, -92881.5
973, 140466, -116878, 30479.4, 71702.5, 77277.9, -74876.5, -1167.96, 16247.4, 93972.7, 38706.7, 49744, -68701.8, 233571, 95465.4, -80409, -196151, 216812, 2475.31, -60401.1, 208117, 140711, 58982.1, 7123.45, -127210
975, 76855.6, -28465.2, 18624.2, -68917.7, 561954, -34540.9, 109428, -549692, 129922, 57516.6, -94547.2, -65010.2, 34748.3, -19607.3, 20683.9, 18877.4, 32247.9, -18249.8, -20612.4, 15365.2, 58952.3, -21148.5, -16944.2, 52082.6
992, 71179.2, 15033.8, 24685.1, 65046.9, 265061, 21899.3, 133238, 227901, 50218, -29584.1, -34725.6, -19042.6, 144072, 10239, -140203, 27312.8, 27840.4, 21880.4, 16960.8, -320.222, 66943.4, 125.218, -26011.2, 61617
994, 51338.7, -19957.2, 29424.8, 37034.4, 104635, 73172.5, 8116.17, 73790.8, 123003, -57450.1, -12094.7, 107936, 213438, -61802.4, -66749.7, 192961, 44977.8, 707.722, -35767.9, 26214.7, 96412.1, -7854.13, 30171.4, 91065.9
996, 63963.5, -43104.7, 16040.3, 44452.5, 83161.2, 45964.6, 51580, 45565.8, 111114, 3413.81, 42975, 102141, 222817, 71048.2, -30920.3, -208634, 42871.3, -41969.2, 6748.32, -2817.02, 55432, 5139.28, -40172.8, 36897
997, 94143.3, 2654.43, -32894.5, 88169.5, 273535, -90810.5, -104301, 235361, 315326, 53305.4, 71091.7, 302223, 233607, -1446.69, 94575.9, 212982, 236897, -44971.7, 23314.7, 231338, 95597.4, -17906, -30207.1, 88906.3
1017, 39866.1, -12392, 33657.9, -17403.4, 101539, -90357.8, 14835.5, 43335.1, 55141.2, -4761.1, -36929, 40274.4, 115274, 108747, -31537.2, 20390.8, 69755.6, 47649.2, -11749.7, -49344.6, 67860.2, -2329.47, 24896.1, -62952.2
1018, 502516, 43006.4, 92559, 492042, 149891, -39415.2, 48445.3, 135992, 56983.2, -38067.6, 19316.8, 37236.1, 90869.3, 52323.4, -61675.5, 40669.9, 106427, -21721.9, -74204.2, 71983.5, 84249.6, 45272.4, 24901.5, 66227.2
1054, 553710, -161051, -100260, 520197, 102215, 38610.2, 82353.4, 44618.7, 168480, 23493.8, -75011.6, 148854, 195308, 111089, 41002.5, 155287, 210631, -18922.6, 31344.4, 207315, 33769.5, 1995.3, -33040, 2703.43
1062, 172220, -18832.5, -115063, -126751, 456460, 25443.1, 140927, -433276, 169005, -105438, -71920.8, -110492, 61398.6, -41943.2, 4129.14, -44175.6, 129415, 34111.1, -2690.82, 124723, 31824.3, 25995.7, -16730.2, -1020.02
1069, 123500, 10818.1, 40439.4, -116189, 216528, 127714, -68930.8, -160388, 57565.8, -19722.9, 15394.7, -51639.7, 41302, -32881.6, 20657.8, -12657, 43535.1, -28783.6, -13347.2, 28877.2, 51448.6, -29820.5, -5493.39, -40893.3
1104, 102891, 83990, 59313.8, 3767.49, 236271, 16930.3, 222320, -75247.1, 55758, 20388.8, -48904.2, -13143.8, 1.14145e+06, 3153.09, -247158, 1.11412e+06, 116904, -35982.7, 109202, 16818.3, 352283, -56261.7, -77039.4, 338554
1119, 78858.5, -28315.1, 32761.9, -65905.8, 107909, -1524.86, 78380.8, -73630, 67668.7, -23825.3, -46704.8, -42270.9, 104479, 98885.4, -31510, 11466.6, 55485.4, -33188.7, 14026.8, 41582.2, 40775.7, 13118.7, -29375.6, -24568.9
1122, 60269.8, 9177.01, 31978.8, 50255.2, 428361, -95285, -40893.7, -415385, 77110.4, 30538.6, 66581.5, -22561.7, 49409.2, 33812, 3826.36, 35202.2, 123931, 20343.3, -27171.8, -119081, 71192.1, 2753.13, -25129.6, -66447.7
1139, 127855, -44833.5, -119103, 12294.5, 95740.8, 40600.5, -6568.88, 86033.2, 183857, -3763.33, -31098.1, -181055, 184703, 92770.7, 135670, -82333.6, 252382, -64788, 39036.6, -240391, 68283.1, 27113.5, -40282.5, -47701.5
1157, 94333.3, 62611.7, 38242.6, -59296.2, 90933.6, -22151.8, -87452.1, 1554.74, 47520.8, 3771.83, -28223.2, -37987.5, 105124, -78760.6, -3743.74, -69055.4, 45058.2, 12881.8, 40781.4, -11928.7, 221541, 18803.3, -33846.8, 218090
1192, 92265.8, -84632.3, -25990.1, -25977.9, 153423, 95885.3, 61994.3, -99708.9, 29006.5, 26247.8, -10544.5, 4087.83, 87894.4, -51202.8, -60209.6, -35115.7, 77120, 5700.03, 61942.2, -44649.9, 156498, -16184.5, -19730, 154360
1199, 80214.5, -47640.6, -41951.8, 49038.6, 219203, 114067, 34487.3, 183632, 102725, 26601.3, -13211.7, -98221.7, 119370, -51515.5, 83302.7, -66967.2, 149465, -45491.9, 2751.22, -142002, 61954.6, 6357.83, 39760, -45616.9
1226, 56969.9, 18336.7, 47312.6, 25900.6, 72396.2, 69139, -5584.16, -16596.8, 47864.6, 13812.4, -39052.9, 23356.3, 147547, -59514.7, -55343.6, 122450, 212699, 50236.4, -20733, 205521, 75147.9, -42714.9, -8492.22, 60742.5
1227, 95062.1, -52494.1, -70159.4, 36862.2, 393633, 106487, 102139, -364450, 99510.4, -80172.7, -57329, 1548.97, 88777.5, 4655.25, -87530.1, 859.12, 89560, 4601.75, 41116.1, -79247.3, 36638.8, -8885, 34824.7, -5059.5
1267, 47427.4, -37097.4, -28957.9, 5880.35, 246857, 65273.8, 153516, 180638, 65474, -64680.8, -5015.05, -32.8571, 163315, 32887.4, 14140.3, 159254, 36247.9, 33281.1, 4088.67, 12828, 64496.8, 21873.6, 16758.5, 58106.7
1274, 133709, -24149.6, 46223.4, -123119, 64556.1, 30534.1, 54307.5, -14654.3, 32854.7, 3282.52, -30970.8, -8526.96, 91955.1, 48395.8, -75243.7, 19113.4, 76952.2, 62814.1, -39365.2, 17817.8, 273138, 43211.3, -57615, -263084
1287, 71639.5, 1332.78, -47199.7, 53875.9, 214982, 22223.1, 89289.9, -194074, 59493.7, 28776.1, -25523.1, -44753.1, 182040, 21888.1, -52181.3, -172887, 112036, -17331.3, -34792.1, -104830, 47901.5, -13725.8, 22033.8, -40215.5
1294, 192857, -17088.4, -50715, -185283, 117747, 62941, -21750.2, -96744.7, 30316.8, -24456.3, -14644.3, 8702.19, 156580, 46426.3, 80264.7, -126075, 73433.1, 9267.26, 68694.8, -21754.5, 90039.3, -34926.6, 48744.5, -66945.5
1313, 154423, 17945.9, 23878.2, -151506, 101873, -47837, 78615.6, -43020.8, 107006, 58558.2, -27049.6, -85049.2, 293834, 3808.13, -112796, -270527, 41742.1, -39482.8, 463.855, 12925.5, 33687.4, 32484.7, 343.041, -7877.43
1320, 47141.3, 11156, 39861, -22559.6, 90743.9, 37173.2, 43701.4, 69149.6, 44762.3, -40497.8, -9829.52, 15020.2, 81451.7, -55684.7, 53985.1, -22386.7, 189312, -13622.8, -65072, -177000, 40901.1, 9577.95, -27157, -28593.6
1326, 82787.6, 25032.3, -75238.6, -23797.3, 88845.5, -83026.2, 15054.4, -24503.7, 69957.6, -58486.1, -6772.56, 36923.9, 69800.4, 38234.4, 41933.5, 39092.1, 70674.2, 31466.5, -17466.7, 60657, 35745.4, 22066.5, 17674.7, -21194.8
1336, 226520, -185299, -71026.7, 109227, 104687, 76528.6, 55971.3, 42595.9, 87078.4, 3840.93, -48035.9, 72281.2, 311684, 170876, -8995.94, -259532, 86289.8, -27720.2, 14572.6, 80115, 29113.9, 9458.38, 26246.2, 6782.27
1340, 110341, 93357.8, 3980.4, -58681.7, 119893, 20962.8, -40845.2, -110531, 47901.6, -45535.6, -2123.08, 10158.6, 100624, -49000.7, 41300.3, -76739.6, 60671.1, -41227.3, -41536.7, 12392.4, 48051.8, -10714.9, 41229.9, 20752
1343, 38829.8, -32085.2, 7317.37, 20609.3, 191404, 139147, 13979.1, 129987, 48112.2, -39080.9, -26638.4, -1236.6, 146571, -29462.9, -119767, -78958.1, 114716, -37637.9, 91571.8, 57121, 39440.8, -33440.7, 1359.47, -19938
1344, 70420.6, 48436.9, -7422.82, -50574.9, 445236, 23042.7, -98111.2, 433497, 62115.2, -32281, 48710.4, -18725.6, 94544.3, -5463.86, -42742.7, -83741.2, 76937.3, -34023.9, 16296.8, 66408.6, 60557, -27350.6, -3564.15, 53656.2
1381, 241277, 52045.8, 42766.5, 231683, 228384, 122570, 37001.9, 188796, 280671, -45291.5, 29816.7, 275260, 335031, -86548.8, -67563.7, 316095, 311909, -32414.8, -72874, 301355, 31503.8, 25457.6, 18165.5, 1754.81
1423, 43091.1, -23927.6, 33510.2, 12702.9, 196513, 17848.1, -78208.5, 179080, 79681.1, -33544.7, 71327.4, -6978.82, 54944.9, -42564.7, -17950.7, -29181.6, 54750.9, 36504.6, 20209.9, 35042, 31628.1, -30156.4, 5133.52, -4616.66
1440, 376266, -71119.2, 74753, -361843, 138136, -39578.7, -38665, -126404, 101821, 13879.8, 28903.5, -96504, 53343.8, 44883.9, 27120.2, 6375.94, 35354.9, 12235.4, -26489.8, 19552.3, 72627.8, 25866.4, -297.01, 67712.9
1446, 134899, 70516.9, 6069.54, 114840, 185528, 32573.3, -47346, 176266, 66610.4, 34228.1, 27557.3, 49672.8, 186361, -99628.9, 48637.7, 149660, 66651.1, -52098.6, -20883.5, 34437.9, 86195.7, 30279.7, -12941.3, -79498
1450, 79284.1, 78363.9, -11135.6, 4589.76, 130219, 100339, -69400, -43133.6, 46026.5, -42454.5, 2642.77, 16355.1, 392135, -137231, 128995, 343766, 124753, -69629.9, -13078.7, -102499, 49158.7, -16043.7, -29285.7, 35932.3
1478, 173218, 132701, -80094.4, -77329.4, 85248.7, -57041.6, 33652.1, -53264.6, 102068, -36523.4, -12276.4, -94330.2, 342996, -110295, 205805, -248589, 58699.1, 17295.8, -31052.1, 46543.4, 28420.5, 18357.7, -21183.5, -2909.73
1491, 179575, -71841.4, -44873.6, -158342, 177889, 46463.6, -3.6782, -171696, 32790.9, 28721.6, -15029.4, 2269.85, 106824, 53588.1, 48542.2, 78329.4, 84107.6, -65094.7, -4723.09, -52924.3, 52422.3, -12373.2, 35075, -36706.6
1492, 53318.7, 18088.6, -46101.5, 19756.6, 116633, -78351.6, 66560.1, -54757, 45148.8, 38547.5, -18912.4, 11417.9, 57912.9, 22995.8, 39670.8, -34648, 42573.7, 22465.7, 17416, -31128, 28081.5, 8483.03, -25680.5, -6740.2
1494, 69502.5, 63506.2, 19847.9, 20090, 256775, 42173.7, 90578, 236196, 108969, -52575.7, 10555, 94625.9, 457848, -14875.6, -171465, -423940, 107007, -28046.1, 36342.8, 96296.2, 29654, 5589.39, -25222.7, 14082.3
1518, 50559.7, 25767.2, 13319.1, -41411.7, 203138, -49050.7, 8763.27, -196745, 43128.5, -7538.25, 26429.1, 32740.3, 82779.9, 63618.5, 33793.1, 39746.3, 93579.1, 46467.8, -24225.4, 76921.2, 39918.3, -13431.2, -31214.3, -19562.4
1562, 335274, -60363.2, 27903.3, -328612, 52492.4, 3362.18, 43614.1, -27592.8, 37610.4, -2865.93, -34502.1, -13984.8, 239358, 227630, 28100.2, 66552.1, 196629, -51340.3, 3481.38, 189543, 115689, -28386.1, -14433, 111067
1569, 76244, -27099.2, 27718.3, 65654.1, 91918, -16123.6, 79537, 42161.2, 44616.7, 31596.2, 30507, 4239.23, 130397, -10843, -122632, -38202.9, 57645.2, -38581.6, -38939.1, -13579.7, 30516.3, -25085.4, 14882, 5348.85
1580, 41289.2, 17143.5, 36702.8, 7987.06, 43504.4, 42413.1, -5338.25, -5255.48, 55252.7, 17358.2, 31535.9, -41524.2, 81108.5, -50453.2, 55504.2, -29908, 97054, -31092.2, -58199.3, 70513.9, 73133.7, 17854.1, -37252.2, 59716.3
1593, 101143, -44181.8, 53792.7, 73376.9, 181880, -54759.6, 140375, 101390, 140605, 87519.5, -95589.3, -52726, 121296, 61353.1, 16796.9, -103094, 71497.2, -31598.5, -37605.7, -51519.3, 33391.7, 12967.9, -26783.3, 13761.6
1608, 202884, -22260.9, -91797.4, -179553, 116958, -51873.8, 29886.7, -100205, 223269, 45621.1, -35296, -215620, 79457.7, 25558.6, 74354.8, 6026.51, 71797.8, 68041.6, -7497.51, 20266.2, 299397, -2493.05, 57173.7, -293777
1609, 69709.4, -41753.9, -47260.7, 29705.7, 148832, -11394.7, -112741, -95790.9, 65007.1, 40067.9, -9549.81, 49916.5, 182698, 95964.8, 107410, 111402, 90327.8, -62313.2, 23027.3, 60565.3, 38278.9, 31195.5, 17695.8, 12848.5
1631, 77934.9, -1247.05, -28299.9, -72604.4, 145690, -83991.3, 107232, -49905.6, 34476.2, 15158.2, -24774.2, 17882.1, 36862.1, 28563.4, -12005.6, -19027.3, 30948.6, -14179.5, -25826.7, -8001.57, 27748.8, 20199.1, -17795.5, 3741.8
1636, 177555, -62183.2, -14411.3, 165685, 103784, -85309.6, -5191.55, 57862.2, 186311, -19407.6, 71286.9, -170758, 211755, 59699, -54474.3, 195313, 72617.5, 32598.1, 63263.2, 11654.1, 82791.8, 6333.95, 26207.2, 78026.4
1641, 502486, 153632, -21945.9, -477921, 174467, 15413.8, 49197.4, -166482, 70840.5, 41420.7, 18833.9, -53713.1, 1.04847e+06, -240707, -50753.1, -1.01907e+06, 88044.3, -73447.5, -4944.97, -47051, 71040.5, -15897.8, 24996.9, 64279.8
1650, 46731.4, -35961.8, -16276.6, -25012.6, 148474, -70351.3, -12256.9, -129979, 78870.2, 43258.6, 28567.4, -59038.8, 206725, 90118.2, -55991.9, -177236, 125582, 58299.5, -23838.2, 108502, 145670, 2520.86, 27819.7, -142911
1656, 147865, -77103.8, 83882.2, -94249.3, 77605.9, -66570.8, -34144.7, -18305.1, 122114, 22055.4, -63919.9, -101299, 98752.8, 92177.9, 20814.3, -23832.5, 47419.8, 28127.3, -37118.6, -8457.21, 59789.3, -17774.3, 31655.7, 47375.9
1659, 177514, 1882.11, 59450.8, 167252, 34611.4, 29649.5, -16691.8, -5308.54, 48064.1, -28893.7, 17185.7, 34257.7, 114621, -16326, -90108.3, 68583.5, 27934.4, 17900.8, -20552.1, 5165.94, 39658.6, 25480, -5104.99, 29795.2
1686, 175573, 10457.4, -76499, 157685, 269642, -36800.6, 124560, 235642, 83840.3, 47890.7, -52047.9, 43189.5, 152017, -65537.8, 95609.9, 97812.3, 66841.7, 40786.3, -16391.8, 49629.9, 41299.6, 26604.8, 28418.5, 11124.2
1764, 198686, -22857.5, 31535.2, -194831, 230302, 28514.6, 132022, -186168, 72558.8, -60672.6, -16260, -35237, 84077.8, 40694, -63513, -35327.3, 76350.3, 5414, -36243.1, 66787, 106834, 21815.4, -29417.5, -100129
1767, 126585, 86010.9, -13515.3, 91887.1, 302301, -29076.3, 99290.8, 283271, 155301, 56238.5, -74595, 123658, 68144.6, -28177.3, -40624.4, 46519.8, 85881.1, -28392.8, 12955.7, 79791.6, 61705.8, 18752.6, 21892.8, 54222.9
1771, 33406.8, 28451.7, -7769.53, 15688.9, 230776, 82567.2, -112073, 183681, 49732.9, -5630.21, -37274.8, -32072.1, 361530, 3451.72, 220249, 285649, 56376.1, -9865.48, -40782.3, 36858, 86459.5, -38263.4, 14327.6, 76045.5
1780, 36590.6, -13152.7, 24233.1, -24054.6, 244170, 108459, 22925.2, -217279, 85571.8, -12081.9, -83620.4, 5575.19, 315210, 57529.5, 78598, -299500, 39680.2, -32525.6, -17450.6, 12468.6, 102766, 5456.73, -26541.8, -99045.5
1782, 101080, 57488.2, -64297.6, 52707.3, 140708, 5272.97, 138661, -19594.6, 117853, -38373.9, -88781.5, 66250, 221078, -84364.8, 196719, 53656.3, 203041, -19628.1, 172923, 103775, 200340, -1419.5, -51011.7, 193659
1790, 79594.8, -14228.7, -24734.3, 74303.9, 183400, -165704, -36702.8, 68423.6, 86467.9, 78023.7, 19046.1, 30096, 101290, 71186.2, -58438.7, -41518.1, 110308, 76910.3, 25098.9, -74749.6, 31152.7, -6174.9, 27252.2, -13268.6
1797, 74451.8, 39243.9, -45347.6, -44119.9, 98325.8, -54376.9, -49854.5, -64059.6, 82310.4, 38841.3, 44425.9, -56285, 289648, -131897, 236991, 97675.9, 152774, 69815.7, -132212, -30731.9, 91566.1, -9032.61, -70029.5, -56640.6
1821, 101798, 31281.2, -93282.1, 26130, 295807, 223462, -192913, 13155.7, 244258, -147344, 193095, 3415.09, 130171, -92903.9, 51264, -74682.9, 117997, 70496.6, -64820.5, 67788, 27538.4, -3424.38, 25883.3, 7897.36
1823, 47870.7, 13792.3, 42828.3, -16343.3, 59488.9, -750.872, -55907, 17836.8, 49529.4, 27966.4, -19936.9, -35110, 76008.6, -64108.1, 25356.6, 30688.9, 68288.1, 26791.7, 47916.2, 39284.3, 146501, -35579.5, 5102.23, 141644
1838, 141304, -16444, 131334, -49473.1, 36973.2, -21882.1, -28757.8, -3822.62, 132762, 14052.4, -31239.5, 128154, 197792, -49331.2, -147956, 120703, 133429, -60067, 46778.6, 108526, 78837.8, 64556.5, 20498.4, 39559.4
1841, 86444.9, -7931.1, 83760.4, 19849.3, 481268, 110106, -30023.2, -467463, 87457.8, -85278.7, 14944.9, -2169.82, 607231, 25343, -262882, 546453, 261749, -57187.4, 95078.4, 236828, 73392.5, 25746.1, 30188.8, -61198.9
1856, 34908.9, -7353.86, -26496.1, 21505.8, 72108.5, 53382.4, -21266.7, -42754.8, 69791.5, 42456.1, 6414.11, -54878.3, 131038, -44695.9, 40462.8, -116249, 62910.8, -58982.3, 60.6323, -19812.6, 100796, -40692.7, -33996.1, -85518.4
1888, 47397, 2478.54, -45461.1, -13176.1, 114081, -99850, -52324.8, 11089.8, 80572.7, 42966.1, 63329.4, -23809, 78749.9, 65904.4, 4938.15, 40656.9, 94267.1, -32526, -43925.2, 75630, 205451, -13249.1, 39221.2, 201165
1891, 136218, -39480.6, 57958.7, 116779, 115007, -62022.1, 94850, -16082.6, 35810.2, 34277.2, 3938.31, 7690.84, 63681.8, 43951.8, -36701.1, 25488.1, 115361, 4655.26, -39600.5, -108129, 72104.5, 33452.6, -9949.4, -62917.2
1896, 78737.5, -30661.2, 26385.1, -67552.2, 65525.3, 8532.84, -50460, 40180.2, 36305, -11634, 32815, 8976.66, 96871.5, 78938.8, 28305.5, 47006.6, 78924.7, -51390.3, 36366.3, 46898.5, 43342.9, 24487.6, 22991.1, -26873.4
1922, 134197, -60168.6, 1785.1, 119939, 129524, 51027.3, -73118.6, -93450.9, 66251.3, 36678.9, -49640.3, 22435.5, 193168, 133873, -23418.5, -136419, 115954, -110661, 156.155, 27006.2, 87083.2, 29199.5, 40943.1, 70743.3
1923, 28956.6, -18005.4, 22272.1, -4269.89, 175123, -137555, -89668.2, -59363.8, 150913, 40049, 124355, 74974.7, 72005.2, -6015.51, -66839.6, 24874.3, 50982.9, 14376.9, -40072.8, -27138.6, 55337.4, -27466.1, -11509.8, 46323.8
1939, 64713.6, 52335.5, -4701.85, 37772, 143421, -136972, -18701.7, -37216.4, 99131.1, 55548.4, -58333.7, 57479.6, 240435, -6268.08, 78882.2, 226376, 81785.7, -32969.2, -69203.2, -27074, 220462, 1590.96, 38693, 216983
1962, 95108.9, -61024.6, 2881.78, -72893, 136432, 54257.5, 19314.2, -123408, 68169.1, 41411.2, -37397.9, -38338.9, 35899.7, 27646.4, 18181.9, -12591.3, 34533.9, 6742.28, 31946.8, -10320.1, 109946, -24619.9, 20211.9, -105071
1965, 280318, -4237.98, -48883.9, -275990, 242972, 196095, -116118, -81819.5, 256810, 57333.8, -48478.2, -245445, 794121, -133347, 152628, -767647, 47550.1, 17448.2, -42983.9, -9483.4, 138685, 14386.2, 27488.2, 135107
1968, 295300, 14087.4, -49704.5, 290746, 80217.8, -18055.2, 43431.9, 64716.3, 124470, -11818.4, 30379.6, 120021, 100022, 66863.9, -51767.3, 51783.5, 284061, -3879.71, 46677.6, 280148, 112400, 3668.59, -35302.2, 106497
1982, 99679.5, 32040.7, -68044.5, 65416.6, 74341.3, 27799.8, -45637.9, -51128.8, 34396.7, -1387.67, 33821.4, -3107.58, 119068, -34704.2, 99797.7, 52831.8, 79943.9, -19413.3, -61476.2, 46429.9, 36187.3, 28136.3, -5290.25, 21357.3
1993, 132359, 5775.16, -90557.2, -96357.7, 222238, 25232.6, -100076, -196326, 55267.1, 29825.3, 31790.9, -33055, 213057, -76413.8, 175763, -91709.5, 81587.1, -64886.7, 46373.4, -16316.4, 114149, 19318.2, 15996.1, -111266
2007, 200972, -24933.5, -165994, 110516, 81343.8, -62140, 37856.7, 33777.9, 50183.7, -42544.4, -20098.8, -15001.3, 180294, 26473.7, 142698, -105430, 131181, 71383.8, 23174.7, 107234, 95274.7, -15795.1, 30668.7, 88693
2022, 245478, 54904.5, 51242.2, 233707, 77992.5, 34444.3, 67832.9, 14424.9, 179761, -15501.8, -50677.3, 171583, 159061, -16488.5, 52159.4, 149308, 48334.2, 25199.6, -33811.5, 23300, 101546, 35440.6, -11552.8, 94322.5
2032, 59093.3, -50830.7, -12422.3, 27457.9, 336913, 90295.9, -82406.8, 313394, 58254.9, 12788.8, -46222.5, 32311.7, 333537, -43947.7, 323267, 67163.7, 529784, -33803.4, -256427, 462106, 95332.3, 61692.8, 12001.8, -70890.1
2064, 62279.7, -48284.6, 34512.2, -18874.8, 88421.9, 37592.5, 72778, 29690.7, 61104.4, -20264.9, -56148.3, -7603.21, 76961, 15580.3, -73383.4, 10695.8, 158958, -34103.1, 3660.23, -155128, 34638.5, 32131.9, -10722.7, 480.191
2077, 119558, -26802, -10616.2, 116030, 106523, -66672.8, 37220.6, 72508.6, 102471, 3259.92, -47317.1, 90571.4, 134363, -32465.8, 71707.1, -108304, 68994.2, 16426.2, -58519.2, 32615.2, 58121, 47240.4, -16012.6, -28581.3
2086, 92825.2, 41051, -16739.9, -81554.3, 72968.5, -32532.3, -21752, -61176.2, 160447, 20683.5, -30039.5, -156144, 171324, -23477.6, 53274.1, -161012, 278895, 39039.3, 38812.4, -273180, 109481, 10137.5, 28703.3, -104961
2087, 51243.6, -36824.5, 31270.1, -17088.9, 199684, 136568, 144774, 4968.36, 74030.8, -30982.1, -38828.8, 54492.8, 93806.1, 88061.4, 30684.5, 5705.57, 188226, -12278.4, -47368.5, 181618, 34029.8, 15751.7, -29125.7, 6978.56
2088, 94147.8, 85571.1, -10195.7, 37913.4, 87531.5, -83139.6, 8423.08, -24084.6, 127682, -8842.01, 25133.8, 124777, 271325, -145621, -88494.4, -211001, 64717.9, 39919.1, -26634.7, -42256.4, 40222.8, 25038.4, 30720.2, -2832.31
2095, 59469.6, 50406.7, -23519.5, 21038.3, 57951.1, -9074.81, 44496.7, -35280, 56899.5, -26553.6, -36348.5, 33596.7, 91415.4, 86573.4, 14098, -24260.5, 67223, -45871.4, 19523.7, 44482.7, 69023.2, -28510.8, 15305.7, 60557.2
2096, 155381, 14707.2, 54036, 144938, 216678, -93507.3, -12077.2, 194351, 223902, 58758.1, -19534.4, 214977, 351839, 2125.5, 72442.2, 344231, 69252, -1660.52, -49976.8, 47634.2, 31137.7, 8308.57, -29581.1, -3248.86
2130, 47882.5, 47106.1, 2867.8, 8094.24, 366431, -250152, -130654, 229061, 193350, 117287, 139798, -61586.5, 233805, 84101.2, 45026.2, -212976, 92108.4, -42871.1, -26262.1, 76934.2, 32654.2, -17727.2, -25661.1, -7431.17
2139, 120416, -114599, 32464.2, 17696.4, 115444, 13574.8, -93164.8, 65454.2, 39416.9, 32797.2, 13570.9, 16061.4, 240273, 30176, 41284.4, 234603, 101135, -6116.61, 38861.8, 92903.4, 40852.6, 6557.97, 26935.3, -29339.6
2140, 55643.4, 52201.8, -13360.5, 13879.6, 164272, 19190.7, -134613, -91661.4, 94673.6, 34510, 25063.4, -84163.4, 270504, -121736, 64180.1, 232056, 128356, -4400.23, 33692.8, -123411, 35458.4, -22430.1, 15106.8, 22357.6
2145, 131063, 2861.77, 62478.9, -115177, 195122, -57329.9, -47149.8, -180261, 66125.2, 20163, -62461.1, -1928.96, 217290, 90077.4, 26678.4, 195455, 271120, -39451, 32573.3, -266040, 64153.4, 48558.8, -9327.24, 40067.3
2168, 45000.3, -3037.69, 29041.7, -34239.9, 267722, -91683.8, 12924.5, -251170, 71173.5, 61322.1, -34694, -18.2157, 116866, 87132.6, 51004.6, -56827.1, 140381, 11159, -56531, -127868, 56513.8, 22362.2, 50901.3, -6145.05
2234, 114061, 8266, -110868, 25495.6, 480986, -18857.7, 341115, 334062, 172033, 1428.47, -158430, -65621.1, 106551, -35918.2, 83347.3, 55277.6, 152284, -51514.5, -38665.6, 137712, 39233.9, 24553.6, 16357.4, 25190.4
2236, 214429, -48915.3, 17661.4, -208027, 745202, -124189, 135536, -722009, 62017.1, 40320.9, 19113.6, 42613.4, 142206, 99455.9, -94420.6, -30061.7, 60346, 3720.32, -59079.7, -8864.69, 32959.2, -19228.3, 21064.9, 15349.2
2257, 71821.9, 37448.9, -23130.4, -56753.3, 143410, -94399.3, -91647.5, -56774.2, 100993, -27166.7, 89069.3, -36116.5, 731076, -15312.2, 190394, -705490, 70402.5, 44555.9, -50954.6, 17110.4, 165008, 41380.1, -17533, 158620
2258, 216782, -58040.1, 8740.01, 208685, 183363, 67040.1, -33967.7, 166852, 63928.7, -33443, 28977.2, 45525.2, 158016, -73934.1, -60607.6, -125145, 288009, 62337.4, 12200.9, 280715, 50444, -33889.3, -3628.93, -36689.5
2304, 240038, 98470.7, 113101, 187430, 77864.5, -56274, 34792.2, 39703, 59786.6, -13176.4, -23156, 53311.1, 75023.7, -44894.7, -45384.4, -38999.3, 75007.5, -8207.47, -60849.6, -42282.4, 91187.9, -42486.9, 30995.7, -74254.8
2309, 46697.4, 9109.69, 37546.4, 26228.1, 76007.5, -4549.07, -74541.4, 1268.93, 86114.4, 45771.2, -22117.6, -68994, 102636, -80633.9, 60258.2, 16748.2, 65441.1, -36753.5, -35227.2, -39712.9, 43155.3, -5214.16, 42066.3, -5800.36
2316, 70138.6, 21411.2, 60311.9, -28695.7, 84858.1, -63275, 8738.47, -55140.8, 301719, -36585.4, -39385.7, -296779, 213045, 48311.3, -86799, -188034, 98931.4, -37692.1, 8965.12, -90687.9, 113775, 20386.5, -21714, 109711
2320, 81332.9, 52724.8, 58585.1, 20072.7, 69609.9, -21661.3, 64354.1, -11196.7, 57316.5, -53040.5, 8036.17, 18806, 203473, -43824.1, -155325, -123296, 56960, -7003.34, 31950.4, 46446.6, 32374.6, -28517.7, -11775.9, 9058.25
2323, 66912.8, 41031.1, 22564.3, -47797.6, 74286.4, 53577.4, -38357.9, 33142.8, 129746, 31292.5, 44529.8, 117541, 243291, -101016, -23053, 219829, 49018.3, -36266.1, 21604.1, 23741.3, 97864, -13813, 25700.2, -93238.9
2331, 42788.1, 38572.1, -10456.8, 15285.9, 108534, -93266.8, -1858.23, -54814.9, 75474.2, 13266.1, 72108.4, -16764.3, 312870, 69961.7, -61950, -298347, 53400.8, -18157.2, 48517.1, 11109.8, 48837.9, 32253.8, -14558.8, 33239.1
2348, 262029, 47712.8, -106960, 234398, 201571, -712.449, 68210.7, 189519, 42304.1, 35605.5, 11855.5, 18541.8, 340375, -84118.8, 33907.8, 328036, 107504, -25258.3, -41751.8, 95633.9, 51324.5, -17750.5, 26654, -39604.7
2361, 34235.5, -7341.63, 28950.7, -16733.8, 123840, 21710.8, -66929.7, 101431, 71951.8, 64771.2, 3356.3, 29404.3, 110813, -76775.9, 1596.62, 78866.7, 47047.6, -43201.1, 15917.7, 7248.83, 189563, -3346.12, 30779.6, -186942
2363, 344995, 54946.7, 34241.4, -338866, 88659.4, -6537.57, 50242.2, -72078.9, 90917.6, 33422.6, -28957.6, -79073.1, 141075, -85697.8, -66769.3, -89136.9, 36694.2, -30729.1, 3016.83, 19234.6, 35983, 3662.28, -27841.6, -22117.8
2377, 199369, -160810, -84130.7, -82523, 170928, -74282.3, -259.486, -153722, 87500.7, -32685.3, 25089.2, -76890.1, 497664, 252192, 64091.8, 421644, 53893.2, -46410.4, 11826.6, 22785, 50464.7, 47145.1, 4289.64, 14694.2
2378, 66005.3, -14256.3, 46473.5, 44650.5, 50061.6, 38517.8, 29708.9, 10754.2, 54143.3, 6115, -45643.5, -27573.8, 100509, 64825, -938.476, 76375.3, 89441.5, 5055.13, -64070, 60807.9, 172860, 6040.1, -29736.7, 170145
2382, 100629, 91533.4, -11869.7, -40085.6, 401936, -30912.3, -82911.1, -391857, 91015, 41104, -38001, -71070.7, 154230, 2325.23, 86151.8, -127351, 95704.8, -47994.4, 8931.84, -82070.2, 49808.8, -47994.4, -5461.62, -423.151
2412, 271336, -128420, 27073.5, -237484, 86301.1, -14769.1, -54661.3, -64434.5, 41089.8, 9192.98, -29483.4, -26334.5, 183753, 142483, 89491.8, -73697, 79528.4, -15156.8, 38615.5, -67517.9, 72994.8, 22162.3, 29728.2, -62515.3
2419, 38281.9, 14833.5, 34877.2, -5389.08, 75476.4, 52225.8, -51156.6, 16656.2, 231385, -62579.3, 21570.9, 221622, 91157.5, -55531.8, 9928.4, 70508.6, 93266.6, -37080.9, -16286, 83511.5, 136151, -29227, -9592.19, 132378
2461, 155011, -30215.8, 51236.3, 143144, 120554, 30990.1, -81630.5, 82649.7, 48176.3, 39999.4, 7179.34, 23752.1, 345128, 73034.8, -21922.2, 336347, 74454.7, -50938.8, 44835.6, -28325.3, 98752.7, -19955.2, -32468.8, 90863.8
2470, 242239, 105032, -26296.7, 216694, 119217, -94029.1, 26394.9, 67563.6, 143012, 20653, -66499.4, 124371, 116015, -29815.3, -33873.3, 106530, 46905.1, -14727, 42266.9, 11979.6, 72136.1, -41480.4, 16216, -55978.3
2473, 261959, -121295, 98134.5, -210427, 315138, -88576.3, 32709.6, -300532, 53620.4, -265.755, 41635.2, -32970.3, 170098, 19270.3, -138311, -96168.2, 184426, 114411, -40733.3, -138384, 244459, 90204.1, -30711.8, -224996
2486, 128969, 40750.8, 44899.5, -113826, 423851, 65628.4, -75839.1, -411600, 50731.1, 26338.9, 29469.2, -31338.6, 110794, -98490.2, 25473.7, -43478.1, 82465, -27901.3, 41809.8, -65061, 62241.3, -32374.6, 20000.6, -49162.9
2502, 48075.8, 23235, -37219.5, -19649.8, 177813, -42264.8, 115625, 127742, 84771, 70554.4, 9542.85, -44966.2, 389047, -40983.1, -58939.8, 382231, 48956.6, 24596.1, 41525.6, -4171.44, 41149.5, -6287.94, -36326.1, 16650.1
2531, 104240, 21975.5, -26688.7, -98339.8, 50963.2, 34471.3, 36758.1, -5686.2, 59218.7, 26465, 4088.33, 52626.2, 94563.5, -86373.4, -3808.63, 35924, 88957.2, -55273.6, -1137.97, 69318.2, 87745.8, 25337.9, -8802.28, -83266.3
2538, 44178, 19232.5, -22364.6, 32888, 113064, -34079.5, -51348.6, 94587.3, 61061.5, -31496.8, 38592.9, -34684.3, 112782, 75911.8, 44379.7, -70161.2, 72637, 5264.34, 71172.4, -11776.4, 81407.5, -7448.15, -45992.5, 66587.8
2546, 92093, 3552.65, 45234.3, -80139.5, 205769, 145588, 98972.7, -105150, 82462.5, 4936, -74997.1, 32510.7, 184476, -115976, -112582, -87621.3, 51582.4, 4756.92, -43764.1, -26085.4, 30746.1, -27271.4, 12996.6, -4170.58
2590, 135030, -216.525, 30583.1, -131521, 78153.8, -41934.5, 11231.9, -64620.9, 102354, -25521.2, -23504.8, -96186.7, 203165, -10740.5, -52693.8, 195687, 61056.8, 12805.3, -52020.5, -27783.7, 144343, 25680.1, -16696.3, -140940
2604, 77472.7, 26208.3, 32631.6, 65194.4, 72039.3, -55553, 21860.7, 39906.4, 37504.4, 25820.9, 10694.1, 24583.4, 139531, 70601.5, -117353, 25028.5, 60055, -6420.68, -44487.4, -39626.3, 111972, -17888.9, 18378.5, 108850
2630, 206516, 67927.7, -45961.7, -189532, 231678, -55310.5, 55662.1, -217812, 80834.4, 66288.6, -831.78, -45416.2, 31627.5, -3807.68, 29359.8, 9478.92, 49747.7, -2219.15, 28396, 40197.6, 138182, 15320.4, -20492.8, 135660
2642, 43194.6, 41581.8, -5370.01, 10386.6, 63365.3, 46300.4, -42207.8, -8946.21, 46968.6, -17140.4, -41596, 11572.3, 157351, -140951, 3944.95, -68025, 92425.4, -42218.2, 16618.9, -80392.2, 33119.5, -27795.6, -13992.2, -10469.3
2666, 61966.5, 27315.5, -29591.8, -47096, 437706, -116910, -60650.6, -417206, 287451, 63710.7, -107895, -258046, 258190, -164481, 11243.6, -198217, 118102, 81664.6, 68017.6, -50351, 137595, 18154.4, 43303.3, -129122
2670, 148553, -98179.3, -28020.7, -107905, 175735, -167983, -41552.9, -28935.3, 63803.6, -20825.4, 27725, -53366.7, 533538, 253173, -15648.5, -468428, 89520.2, 21627.3, 60328.7, 61416.8, 28327.8, 7275.86, 26178.7, 6194.93
2671, 44493.7, -29800.1, -23145.2, -23578.2, 158629, -19330, 45762.3, 150464, 31679, 24437.2, 6247.33, -18642.5, 237450, 89403.9, -8659.06, 219560, 413744, -59778.7, 31543, -408131, 128294, 22775.7, -13991.8, 125400
2687, 307813, 17363.1, 186783, 244048, 71982.9, 46717.4, 6235.56, 53510.4, 142324, -25253.7, -28891.5, -136933, 334288, -48836.7, -137014, -300670, 130835, -10263.4, -82432.8, -100874, 163194, 53386.9, -34665.8, -150114
2704, 60591.4, 37421.7, 27365.5, 39013.5, 236760, 195818, 21969.5, 130424, 105377, -53884.9, -27451.9, 85973.6, 123333, -105341, 52914.3, 34540.3, 132024, -103302, 4813.53, 81240.8, 75618.6, 62687.7, -38724.9, -11539.7
2705, 45638.8, -43405.9, 4891.92, 13224.7, 60643.8, -6064.74, 59845.7, -929.199, 55257.7, 6551.24, -36587.3, -40490.8, 130140, 112811, 11675.3, -63322.4, 45460.6, 32289.5, -24677.4, 19702.7, 80033, 7696.72, 28278, -74407.3
2723, 236904, -20407.9, 63760.7, -227248, 101427, 3715.8, -60083.2, -80998.6, 87935, -43277.3, -16540.6, -74394.2, 100934, 12932.3, -88567, -44373.9, 153840, 17023.6, 35084.4, 148739, 32964.4, -13708.2, 24088.8, -17241.2
2732, 183990, 36226.6, 1743.61, -180380, 126095, -76744.1, 18184.1, 97749.1, 39350.3, 36695.5, 10147.1, -5465.33, 87884.4, 39073.7, 11030.3, 77795.2, 39679.1, 7980.07, -36019.6, -13149.5, 84012.4, -2871.07, 25914.7, 79744.4
2747, 53751.1, -46518.2, -2999.76, 26762.5, 81777.2, 64918.5, -15715.7, -46159.9, 75023, 11278.1, 49182.6, 54471.8, 139207, -51256.6, 1471.07, 129343, 42084.2, -8504.73, -39664.8, 8086.43, 59203.6, -17598.2, 31059.9, 46885.3
2770, 88617.3, -30690.6, -7220.74, 82818.8, 66341, 733.731, -62294.1, -22206.5, 29219.5, 18039.9, -22420.6, -2037.56, 408182, -8125.38, 68153, -402248, 58637.9, -54826.1, -18297.8, -7762.86, 53505, -47185.4, -6156.19, 23415.1
2771, 55057.7, -35681.4, -41381.6, -6763.43, 123473, 47602.2, 110885, 23196.7, 153578, -95138.9, 38365.7, -113683, 100334, 95186.6, -20538.3, 22284.8, 162090, -10139.4, -70433.1, -145521, 41388, 30529.3, -18125.3, 20687.2
2772, 222117, 128080, -51730.3, 173941, 248930, -193234, 69943.2, 140327, 123178, 66162.7, -98123.1, 32688.3, 146995, 52408.1, 119693, 65648.9, 93324.7, -45893.6, -21653.2, 78096.4, 65248.5, -26422.1, 1544.97, 59599.1
2774, 143017, 65197.1, 36588, 121920, 473028, -84873.6, 106734, 452825, 478244, 129081, -38887.2, 458532, 197959, -103887, -132183, -103079, 134747, -2962.84, 37019, 129390, 44512.6, -15247.1, -22732.8, -34810.5
2826, 41846, 10616.2, 34825.4, -20629.1, 216001, 202000, -44656.4, 49644.5, 95422.9, -54114, 27037.5, -73387, 166330, -60550.8, 33821.5, -150725, 99709, 39081.4, 48539.5, 77447.7, 43401.4, 17399.3, -36081.5, -13035.1
2839, 68190.4, -12275.7, -25532.2, 62026.9, 115242, -82106.7, 25441.4, -76302.5, 47917.1, -17840.7, 41911.7, -12772, 101183, 84927.1, 3794.55, -53730.5, 67672.5, 1910.3, -52648, 41758.5, 118675, -26378.2, 5423.74, -115504
2862, 125442, 121592, -3482.48, 30643.4, 145838, 131095, 44804.2, -45142.6, 154373, -122644, -28466.5, 86906.4, 132188, -128233, 30594.4, -5457.84, 49155, -22971.9, 27969.9, 32707.1, 39712.6, -25812.7, 4367.5, 29656.1
2866, 89727.8, 9434.63, 47974, -75236.7, 201735, 45593.1, 153759, -121209, 197991, -25898.3, -117589, -156484, 94580.7, -58086.9, -73306, 5288.32, 81179.4, 55587.5, -20599.6, -55209.5, 31958.1, -19411.1, 16629.9, -18379.1
2878, 107691, 49648.3, -74210.7, -60208.5, 327232, -138201, -82778.1, -284665, 69130, 65703.1, -15927.1, 12014.5, 613382, -3841.24, 189028, -583200, 75404.9, 8657.77, 41884.5, -61786.4, 162151, -32803.7, 24838.2, -156780
2884, 118182, 76807.4, 17179.6, -88161.7, 174095, -161014, -11566.4, 62761.5, 50386.1, 46348.4, 17062.2, -9012.39, 127253, -75444.2, 59537.7, 81173.4, 138142, -25857.9, -28089.3, 132605, 125697, -25919.2, 1495.54, -122802
2887, 277775, 131059, 16123.3, -244382, 257032, 88824.9, 82445.7, -226414, 74683.2, -73074.8, 8287.1, 7793.41, 324181, -180356, 72365.6, 259117, 169623, -121321, -107376, -47916.7, 51842.8, 21512.5, -32710.6, 33367.8
2913, 86940.4, 75088.6, -43300.5, -6737.66, 49365.8, -47213.8, -9035.85, 8292.61, 64464.4, -2403.1, -43269.9, 46888.2, 82346.1, -27695.1, 72776.6, 25838.5, 71463.6, -15006.4, 59807.5, -33991.6, 55121, 27247.4, -19222.1, -43606.7
2945, 122388, -109748, -13272.4, 52517.5, 257295, 250485, -23150.9, 47814.1, 219036, -193340, 74202.1, 70665.7, 111895, 84168.7, -56904.3, -44207.8, 78770.9, 74790.6, 20264.2, -11622.9, 48226.3, -5671.31, 28367.1, 37915.6
2957, 167661, -57982, 71895.4, -139926, 346651, 252342, -116818, -203141, 30964.7, -29726.4, 7510.16, -242.455, 218329, -134277, 70023.6, -155860, 176195, 23041.7, -25608.3, -172660, 33196.5, -21030.2, 15116.1, 20158
2981, 37916.6, -19758.9, 28480.9, 15364.9, 270169, -60222.8, 224131, -136237, 34489.8, -8288.35, -32935, -2137.72, 124034, 76747.2, -83355, -48253.8, 137088, 20049.6, -86104.8, 104328, 130406, -781.557, -28953.7, 127069
2996, 261034, -70469.2, 140127, -208656, 90212.8, 7023.42, -30427.7, -84498.7, 30968.6, 3388.92, 27921.3, 12196.7, 317246, -154947, -106404, 255168, 367575, 137813, 22031.7, -339843, 63087.5, 41459.6, 21703.9, -41928
3082, 82549.3, 35745.3, 4384.55, 74279.3, 138813, -3138.75, -95255.4, -99318.9, 82694, 30164.8, -14769.3, 75357.5, 66054.9, -51938, 33433.2, 21777.1, 102553, -52411.8, -23145.6, 84597.3, 49528.2, -30230.5, -36547.5, -12582.9
3084, 159203, 16110.9, -56273, -148052, 305728, -56941.3, 1646.8, -300243, 39637.1, 38988.4, 189.713, -1648.24, 60199.2, -59276, 7859.08, -2466.05, 49875.4, -27135.6, 13521.8, 39378.3, 51450.8, -11786.5, 23751.1, 44045.1
3102, 52187.3, 45295.8, 24268.5, 9100.98, 95097.5, 55317.6, 24120.3, 72898.4, 47694.3, 4371.99, -38373.5, 26917.6, 216994, -94416.9, -34514.5, -191864, 292844, -98669.8, -10005.7, -275263, 238784, 18654, 82351, 223207
3110, 234057, -45214.7, 66694.1, 219750, 165818, 82479.1, -104113, -97192.6, 120898, -9462.17, 88858.7, 80944, 102276, 9417.45, -92394.1, -40245.2, 66556.1, -55851.7, -33123.5, -12775.8, 106515, 26945, -30421.2, 98350.4
3139, 132366, -51782.8, 4932.67, 121717, 83687.8, -3688, -56262.8, 61471.8, 55662.7, 28769.8, 6961.29, -47022.3, 75191.5, -63735.5, 14801.7, -36393.4, 164301, 22880.7, -49786.6, 154404, 62701.4, 8515.77, 34938.3, -51192.6
3171, 50513, -45556.7, -14133.2, 16625.1, 215388, -149977, 22372.4, -152008, 58897, 42793.2, 7556.82, -38863.1, 82203.6, 80791.8, -12707.3, 5706.22, 34761, 5590.51, -27667.1, 19099.9, 29398.9, 19662.9, -19304.4, -8086.12
3178, 57916.7, -12981.4, -55209.1, -11737.9, 108561, 81841, -69913.8, -10103.7, 173960, 20520.4, 82550.8, 151462, 156806, -63087.8, 48704.6, 134577, 62382.9, -54061.3, 5265.5, 29612.7, 150376, -11554.4, -52974.4, -140085
3182, 423362, -36390.3, 165538, -387954, 290770, -89495.7, 94453.1, -259538, 60389.7, -43271, 14339.8, -39277.1, 887069, 169781, -475224, -728511, 275575, -13236.5, 168121, -217362, 168989, 8512.58, 51631.1, -160542
3208, 104677, 67995.7, -10898, -78835.8, 209290, 7808.75, -111531, -176652, 63953.5, 26352.7, -3938.68, 58037.5, 119818, -6042.59, 79710.7, 88862.3, 37606.4, -30894.4, 20415.2, 4109.43, 52407.4, -25958.6, -1775.53, -45157.9
3223, 166245, 124485, -20430.7, -108275, 254946, 148154, -106542, -176581, 187413, -179335, 1702.49, 52333.3, 1.24859e+06, 281304, 126196, -1.20967e+06, 358923, -267650, -26155.9, 234308, 94742.1, -55654.3, 30508.7, 69296.1
3225, 106924, 49371.4, -73454.6, -59996, 115041, 40309.4, -96732.5, 46100.5, 133328, 13322, 58038.6, 119032, 280514, -89208, 155897, 214755, 111303, -53853.5, 13144.4, 96121.8, 49035.5, -12678.6, 28226.6, -37743.5
3235, 72338.4, -62889.9, -35123.7, 6634.89, 41075.9, 19270.2, -30869, 17804, 96959.3, -20050.2, 17130.6, 93210.2, 183180, -29512.3, 69562.5, 166610, 163114, -41914.7, -17461.8, 156530, 29540.4, 17511.9, 22281, 5373.04
3237, 57284.3, -22337.8, 51381.7, -11934.2, 111113, 28861.6, -79957.7, -70827.9, 65861.5, -43442.6, 35517.5, -33345.4, 96278.1, 51000.6, -7063.89, 81087.5, 31417.8, -30412, 4279.61, 3948.04, 34125.5, -25762.6, -15255.4, -15232.6
3238, 39941.5, 3897.31, 38164.6, -11116.7, 174569, 122448, 28465, -120225, 95089.9, -92284.1, 11826, -18110.3, 82231.3, -38619.1, 9161.63, -71955.5, 39212.6, -15251.3, -35044.4, 1886.53, 95149.6, -32005.3, -12073.4, -88631.8
3263, 88151.4, 20701.6, -43932.5, -73566.6, 167020, -52542.3, 75809.1, -138571, 89639, 4616.42, -87291.1, -16933.4, 63189.3, -3110.73, 61834, -8107.81, 46447.9, 29077.1, -35449.7, -266.518, 34096.5, -25417.1, 2572.06, 22057.7
3277, 86766.2, -40326, -3981.73, -76722.4, 263323, 151351, 84194.4, 196799, 62590.7, -7846.81, 45464.7, 41413.6, 1.47993e+06, -52840.4, -236540, 1.45985e+06, 287549, -83253.2, 105252, -253992, 116280, 5198.66, 59771.8, 99329.4
3283, 75512.3, -13790.3, -41254.8, -61724.9, 785388, -195179, -213449, -729963, 147605, 13022.6, 91935.5, -114372, 707527, 134064, 202149, -664353, 146698, 46877.8, 3734.8, -138866, 62701.9, 27134, -17389.9, 53265
3331, 46368.4, 37497, -16738.6, -21536.2, 77085.9, 21571.8, 51377.8, -52514.3, 110151, 43989.4, -13481, 99830.4, 126912, -21278.6, -64920.6, -106257, 49134.7, -21084.7, 30883.5, 30554.2, 55993.1, -17229.6, 20292.1, -48907.8
3356, 37611.9, -19947.9, 31398.8, -5553.16, 41987.6, 35894.8, -4187.88, -20091.8, 55204.8, -33748.6, 4036.99, -43081.7, 152080, 92228, 10748.4, -120169, 47728.8, 40822.9, 22278.1, 9213.64, 41609.8, 851.918, -40524.8, 4445
3364, 27999.6, 27315.2, 2269.17, 5718.07, 152821, -16236.1, -145024, 43176.5, 124074, 64795, 88894.6, -56555.6, 55757.1, -54441.9, -4539.02, -377.913, 43765.1, 35008.2, 15613, 20242.8, 170755, 18233.6, 26858.3, 167594
3392, 150380, -121386, 403.858, 88766.7, 327261, -146846, 6437.28, 291927, 107018, 42176.8, -25058.4, -94774.1, 866715, 160375, 87913.5, 846888, 184721, 72191, -163368, -45651.3, 44922.5, 6253.42, 37581.9, 23434.8
3401, 237396, 72235.3, -38478.3, -222842, 113444, 5384.3, 98811.8, 54535.5, 63017.1, -23106.8, -29121.7, -50361.6, 80817.9, -56223.3, 33883.7, 46827.2, 37464.9, -18595.7, -31578.3, -2894.6, 38265.1, -29797.7, 15655, -17158.1
3409, 240897, -62953.1, 37564.5, -229471, 174894, 582.845, -120399, 125854, 222333, -10659.3, 96227.1, -199544, 164809, 56187.3, -54691.4, 144525, 57562.9, 41791.6, 15193.9, 36164.6, 32324.7, -19337, 21782.9, -12253.9
3427, 78428.7, 6382.59, -49592, -60423, 659732, -130131, 100771, -638854, 58059.3, -48104.7, -1382.03, -31004.1, 59235, 46044.9, -27054.1, 24239.9, 87026.2, 27759.9, -28993.2, -76974, 41757.3, 21623.8, -21617.9, 27875
3445, 50757.4, -26314.3, -23064.5, -36768, 64910.1, 59728.9, -22082.5, -8868.83, 67634.9, 25021.8, -48868.8, -38387.9, 90918.1, -56050.3, 60587.6, -34716.6, 47643.5, -46406.8, 7119.53, -2554.31, 118097, 25737, 1505.35, 115080
3460, 71842.6, 23790.3, -34466.7, -58373.1, 162154, -33621.9, -70745.9, -141561, 31155.9, -30101, -5367.55, 2114.45, 280645, 41666.4, 158484, 227471, 53298.1, -5389.28, -52266.8, -6114.64, 32540.4, 12820.9, 29888.5, 1019.89
3465, 64063.9, 37650.1, 32953, 40009.2, 181353, -172391, 33434.3, 34957.2, 34869.9, 21947.3, -22468.3, -13496.6, 97616.4, -71604, 28077.7, 58839.9, 116666, -58997.8, -15532.6, 99209.8, 166595, 28269.9, 2207.85, 164112
3469, 60638.2, -51254.9, 25619.3, 19838.6, 129095, 50678.5, 93370.3, -72868.2, 122492, 41872.6, -1814.9, 115038, 216514, -35119.5, -81578.7, 197357, 67590.7, -54428.9, -33199.5, -20707.7, 36882.1, -33995.4, -8451.67, 11146.6
3476, 169564, -79965.3, 3050.36, -149493, 91547.7, -25973.6, 71340.9, -48898.1, 63802.2, 41565.3, -8054.95, -47194.1, 224659, 196617, -47288.7, -96044.5, 70069, -65460.2, 3612.63, -21185.2, 45713.3, 14592.3, -33210.2, -26533.7
3497, 226554, -22518, 101296, 201392, 141961, 22144, 120219, 68087.5, 166759, 35461.5, -41917.4, 157276, 199795, -77548.1, -181811, -16129.8, 175232, 28585.1, -169470, -19420.2, 345259, -29890.4, 59090.3, 338749
3508, 32526.6, -7473.83, 29663.7, 11053.3, 140280, 120715, 40404.2, 57854.7, 58095, -15326.8, -47364.6, 29072.1, 240173, -238044, -17610.1, 5992.63, 107556, 86843.2, 44637.8, -42670.8, 39148.4, 36206, -12149.5, -3568.98
3511, 70198.6, 30950.6, -14358, 61349.3, 156783, -49217.2, -58524.8, 136623, 203562, -19365.5, 38714.1, -198860, 54336, -3143.85, 35500.2, -40781.8, 37412.6, 13996.8, -32543.4, -11294.2, 119881, 25831.3, -9103.88, -116680
3540, 60454.8, 40028, 42841.1, 14737.1, 102353, 74586.4, -39839.8, -56609.6, 42618.9, 10641.2, 33195.2, 23058.6, 85951.7, -73387.6, -1974.44, 44387.6, 93248.5, -16297.7, -50970.6, -75074.3, 215753, -28364.1, 39204.2, 210108
3546, 34551.6, -33144, -8841.65, -4136.02, 90809.5, 41048.5, -67514.8, -44287.5, 110765, -28497.6, -31629.6, 101969, 58908, -32932.2, 42217.5, -23073.2, 50366.3, -38746.8, 16771, -27078.3, 48148.1, 36569.8, -2706.95, -31056.3
3578, 85812.4, -18870.7, 49358.1, 67612.4, 68718.2, 66850.8, 10202.4, 8463.54, 141506, -14928, -24204.5, 138536, 188435, -34457.3, -14475.6, -184594, 35067.1, 14427.4, -31630.9, -1151.8, 68350.4, 25841.3, 3605.59, 62894.7
3626, 54319.8, 16782, -27042.6, -44019.2, 130879, 1492.47, -88472, -96010.6, 39463.2, -8132.26, 27599.8, -26303.9, 1.20055e+06, 98854.5, 406438, -1.12518e+06, 324130, -59753.2, -151450, -280013, 45193.5, -2679.55, -44452, -5708.2
3628, 362198, -90293.8, 108486, 333565, 195207, -81678.9, 72974.3, 161010, 141306, 100543, 35507.6, -91592.4, 1.12727e+06, 233930, -247773, 1.07437e+06, 118348, 54523.5, -78627, -68348.3, 74183.5, -23401.9, 21850.9, -66664
3640, 219771, -37130.3, -55346.9, -209422, 69249.6, -13208.3, 55443.1, -38797.5, 88690.8, 20822.5, -45935.3, -72355.9, 78131.7, 70888.9, 16281.6, -27344.8, 114965, -39465.3, -36060.8, -101392, 182523, -18262.6, 46148.4, 175486
3644, 72464.2, -32848, 3302.58, 64507, 116720, 79605.8, -59384.6, 60576, 86329.4, -39367.9, 59420, 47962.2, 57542.8, 4457.66, 39811, -40612, 146706, -11842.2, -35094.4, 141828, 30887.8, 516.512, -26169.3, 15409.8
3652, 124466, 18455.3, 28977.8, -119631, 101025, -36556.5, 49604.1, -79740.8, 104399, -56444, -261.27, 87376.2, 84693.9, -49174.8, -64751.5, 15856.7, 59224, 47830.8, -34045.4, -7309.47, 36019.8, 15146.3, 20480.6, -25343.7
3654, 210102, -66348.7, 53070.1, 192157, 280374, -10359.6, -71036.3, 270871, 79381.6, 27416.3, 31244.1, 67482.9, 82521.4, 55207.7, -18303.5, 58416.1, 44441.5, -14998.1, 27329.9, 30881.6, 60597, -21463.2, -13043, 55012.1
3669, 69694.9, 34034.1, -49778, 34945.7, 80270.8, -33662.3, -53561.5, 47613.3, 79414.8, -48192.2, 34257.7, 52734.9, 181458, -53761.1, 49999.7, -165327, 46335.9, 31827.7, 12318.9, 31068.1, 88113.9, -8906.17, 32094.8, -81352.1
3685, 194525, -39175.4, 37214.6, -186870, 94033, -41056.3, -79146.9, 28497.7, 106913, 51448.5, 69657.6, -61635, 114150, 90740.2, 5346.48, 66823.5, 94844.1, -78848.6, 3964.57, 51715.3, 199785, 36789.4, -9371.34, -196026
3686, 33280.3, -32366.4, -4051.93, 6600.32, 116318, 20799.7, 102641, -48514.6, 45109.8, -30471, 13463, -29897.4, 91479.2, 66508.7, 37486.4, -48715.2, 118718, 24404.9, -48371.1, -105178, 47505.2, -31477.5, -21019.6, 27089.6
3692, 155220, 77131.9, -73361.4, -112969, 372259, -92518, 72719.7, 353045, 97204.3, 34642.3, -87866.7, 19088.6, 85600.7, -47238.4, 40915.4, 58120, 266098, 56116.4, 8373.35, -259839, 97854.5, 8817.23, 47491.8, 84743.4
3693, 57193.1, -12773.5, -55198.7, 7809.02, 105201, 41194.5, 77454.1, 56539.1, 45479.6, -36467.8, -18690.7, 18974.6, 254160, 25693.6, -170267, 186882, 73430.7, -43215, 57324.6, 13486.5, 61920, 25144.9, 37620.9, -41823.1
3694, 42455.6, -1459.81, 39702.8, 14967.5, 58530.8, 12404.7, -56382.1, 6299.49, 57507.4, 11220.2, 40690.4, -38463.6, 45070.1, -43190.7, -8573.73, 7150.55, 78157.3, -17636.7, -21421.2, 72916.7, 54393.5, 13149.4, 21869.8, 47698.2
3702, 89414.1, -3152.35, -87929.8, -15914.9, 86175.4, 20086.1, 79693.8, 24287.9, 36483, 28560.1, 7462.32, -20486.9, 84157, -77937, 3007.1, -31160.8, 40080.3, 25920, -11242.1, -27708.5, 25920.4, 24969.4, 4212.87, 1888.82
3706, 54901.6, 11341.5, -30877.2, -43956.2, 51481.4, 19616.1, 46577.6, -4715.03, 92330.8, -27817.1, 26441.7, -83920.6, 476724, -101239, -48784.5, -463229, 84633.3, -29896.5, -35621.7, -70092.5, 90861.9, 29648.4, -31150, 79942.2
3721, 198427, 78291.4, 24275, 180706, 506641, -163432, 18688.9, 479001, 184758, 150404, 10966, 106249, 152115, -139315, -46810.3, -35306.7, 135752, -49895, 11.5466, -126113, 148590, -12781.2, 34938.8, 143804
3737, 68160.7, -54067, 14635.5, -38838.4, 95564.3, 94518.1, 6548.87, 3920.93, 89125.2, -49367.5, -41847.2, 60180.6, 396729, 69702.1, 24969.9, -389724, 78083.6, -43349.8, 56509, -31082.3, 50027.4, -38149.6, -5342.48, 31134.7
3758, 134015, 101173, 68580.7, 54962.2, 63634.7, -44749.4, 39648.6, -19504.3, 97547.8, -248.986, -58865.7, 77574.4, 74403, -15270.9, -53825.8, -48439.1, 85586.7, -19213.5, 52151.1, -64445, 31799.6, -18563.9, -18782.2, 16985.8
3771, 76678.6, 20278.7, -73399.4, -8995.07, 117975, -49939.8, -104214, -20212.8, 164281, -8655.67, 100159, 129544, 50238.3, 33901.6, 25830.5, 25412, 41968.1, -37141.3, 16291.3, 9003.94, 48530.5, 31551, 8211.5, 35553.3
3785, 58957.3, 53779, -18141.6, 15957.9, 162926, 51714.7, 51627.5, 145467, 69170.1, -24883.8, 44064, -46591, 99012.5, -30684.2, -68802.9, -63400.6, 43167.1, -40792.5, -10731.1, 8179.96, 36900.4, 9501.97, -29662.8, -18786.8
3789, 68295.5, 66067, 15787.8, -7082.73, 148161, -4752.53, -76601.6, 126203, 101009, -7258.55, 60675.8, 79914.8, 43585.8, -41155.2, 963.914, 12636.9, 164849, -30989.2, 25131.9, 159850, 30676.3, 23585.9, 11111.8, -15087.1
3796, 32177.9, 25103.1, -16884.6, -10961.4, 237851, -43412.5, -225031, 62809.6, 239277, 38722.5, 166224, -166571, 96957.4, 10715.3, 93603.6, -20123, 49052.7, -25795.3, 21063.3, -35397.4, 30453, 13686.2, 24803.2, 9788.46
3851, 242652, -57742.6, 101339, 212782, 199871, 16607.5, 137777, 143054, 43618.2, 25145.5, -32919.6, -10626.1, 215907, -52561.3, -202113, -49674.4, 163508, 70956.7, -57823.5, 135113, 176596, 45414.7, 19223, 169271
3859, 381511, 123361, -24463.3, -360186, 444391, 242153, -51494.8, -368531, 380291, -53774.6, 159126, -340770, 904213, -189486, -160312, 869244, 104788, -56589.9, 76842.9, -41751.4, 156243, -60532.4, 27045, -140940
3871, 44826, 34180.5, 22611.6, -18159.4, 165980, -95755.1, -26760.3, -132302, 114181, 55869.4, 27022.4, -95650.4, 34913.5, -29908.5, 1900.26, -16702.5, 104914, -20125.3, 20116.9, -100819, 44658.6, 7429.44, -25009, 35896.2
3898, 67439, -28143.7, -43516.3, 43154.2, 112037, -10280.3, 31120, 107021, 33831.4, -29533, 9665.77, -12045.8, 224572, 17376.8, 73977.4, -211041, 78194.8, -4290.35, -35986.4, 69090.4, 35892.3, 31294, 8769.2, 14354
3906, 140068, -68923.2, 14023.2, 121128, 152486, -111518, -37395.9, 96290.2, 86053.5, 43774.3, 70462.6, -21824, 200724, 126546, 37262.1, -150381, 141779, 118771, -30060.4, -70557.7, 92588.1, -10851.2, -61817.9, 67771.6
3971, 100816, 93276.6, 11560.9, 36463.3, 134425, -63599.8, 49025.5, 106912, 81061, 12186.6, -75781, -23830.9, 187500, -64832.3, -3134, 175802, 100222, 29726.2, -28870.7, 90783.2, 148371, 20292.6, 24337.5, 144903
3993, 153964, 41848, 19127.4, 146928, 149980, 89008, 34915.7, 114997, 88374.1, 23271.6, -59894.5, -60027.6, 101707, -67346.7, -65453.8, 36387.8, 41927.1, -36792.2, -4306.78, -19182.5, 74434.5, -15480.9, 20756.9, -69736.4
4011, 53339.4, -29101.7, -30980.6, -32223.8, 93851.1, 35601.5, 52082.8, -68134.5, 131847, 15053.6, 41303.2, -124050, 302681, 68797.4, 8073.22, -294428, 146790, 4887.49, -54704.1, -135918, 140861, -37560.6, 2444.35, -135584
4017, 43486.6, 17738.2, 39510.7, 3916.68, 79762.1, 57417.7, -17255.8, -51977.6, 121060, -52250.4, -25041.7, -105689, 66510.8, 56643, 13325.7, -31396.7, 129525, -53313.4, -10220.7, 117263, 139682, 33596.3, -5948.17, -135340
4036, 61017.9, -17783.1, -23445.6, 53453.2, 91566.4, 30266.2, 47644.7, 71259.9, 38453.9, 36598.5, -7813.36, 4537.11, 153464, -133649, 41550.3, -58474.2, 219889, 47805.7, -6212.87, -214374, 104789, 22992.6, -18303.9, 100379
4044, 46256.3, -21037, -40133, -9296.23, 277551, 166370, -90297.2, 202446, 203290, -159213, 66681.3, 105831, 78332.1, 30892.8, -45143.6, 55860.2, 43445.8, 14275, 37348.7, 16167.4, 51746.5, -19092, 29293.8, -37438.9
4056, 57214.2, 13992.2, -29537.7, -46959.5, 94941.6, -43395.7, -48988.4, -68354.6, 60307.5, -31427.9, 24649.5, 44566.3, 72684.6, -51716.9, 10616.9, 48909.1, 100491, 20216.2, 29351.8, -93712.9, 40385, 21832, 21037.7, 25687.9
4066, 47776.3, 7735.23, 46471.6, 7944.88, 117494, -64194, 20535.6, -95612.4, 112548, -32591.7, 49076.9, 95646.4, 230359, 38242.1, -19073.4, 226337, 62337.1, -8992.35, -40354.6, 45859.3, 35147.5, 33209.1, 6234.97, -5650.82
4079, 85036.4, 4966.53, -56486.1, -63370.6, 126290, 3603.11, 47766.6, -116461, 166756, -37608.4, -24543.5, -160404, 82745, 14372.7, 73014.6, 34002.8, 82982.8, -53188.4, 35464.3, -52152.5, 70451.9, 21641.1, 34630, -57116.9
4087, 187510, 78566.3, -92327.1, 143048, 77235.5, 33704, 28388, 63218.3, 90256, -26468.6, -31247.1, 80191.7, 173319, -101500, 95296.8, 102433, 54687.9, -16488.3, 29596, 42791.6, 29186, -17484.3, -21590.2, -6733.13
4097, 158291, 509.863, 27608.9, -155864, 181422, -21625.2, 93558.3, -153739, 26171.7, 25234.2, -2395.69, 4920.62, 165533, 53256.2, -154898, 12912.4, 47360.4, 24650.5, 28623.8, 27241.8, 110569, -8058.76, -26032.4, 107033
4104, 54697.6, 27866.3, 33273.9, -33288.6, 88713.9, -60076, -42606.7, 48244.9, 36334.8, -20567.3, 20153.4, -21671.7, 57592.5, -12185.1, 49802, 25749.2, 112451, -49940.9, 6887.1, 100210, 48239.6, -21054.1, -35069.7, -24075.7
4139, 85957.6, 41416.9, 38813.5, 64551.2, 410194, -56335.1, 48842.2, -403218, 49419.5, 18518.7, -43005.7, 14622.5, 322579, -133762, -34620.1, -291140, 56958.5, -5353.35, 27141.5, 49333.6, 34098.4, 24298, 7976.81, -22300.4
4167, 147246, 52560.9, -41655.5, 131087, 156514, -67653.2, 86869, 110879, 153301, -35097.8, -17405.5, 148139, 65729.7, 44134, 48519.6, -1370.93, 59426.7, -13763.3, -44574, -36677.6, 45588.3, -31863.2, -18323.7, 26888.8
4178, 80074.6, 63924.2, 41563.3, -24456.7, 123577, 45119.4, 113860, -12523.7, 106092, -28996.1, -82162.1, 60037.1, 160163, -129263, 10465.4, 89016.4, 110929, 84407.1, -19360.6, -68809.9, 75758.1, -60249.9, -35790.1, 26153.1
4210, 59070.3, -11729.2, 49451.2, 30104.6, 126011, -15973, -115021, -44341.3, 101191, -59481.2, -27530.6, 76371.3, 685427, 173218, 110877, -652847, 93815.1, -76427.9, -17742.9, -50632.5, 43404.1, -8663.32, -25087.3, -34089.5
4226, 191249, 51945.3, -88850.3, -161194, 234268, 4641.7, 139613, 185231, 196365, 101101, -38562.3, -163610, 167231, -86854.1, 60018.9, 128367, 54547.7, 26074.5, 46582.8, -8822.96, 26695.1, -22945.2, -13120.2, 1422.49
4237, 76623.4, 21292.8, 32045.9, -66263.2, 171835, 145954, -76014.8, 40571.1, 115260, 11412.1, 86097.6, 74523.9, 79789.2, -55170.7, 25235.5, 51059.2, 97685.7, -35462.9, -27432.8, 86485.3, 27393.1, -25805.3, 461.746, -8557.58
4240, 86655.8, 3758.61, 70977.5, -49571, 725634, 56334.6, -160436, -705285, 464388, -63954.7, -125002, -442393, 520887, 91118.2, 191260, 475688, 451012, -5933.49, -81875, -443426, 44694.3, -22507.2, -19444.5, 32840.6
4248, 150044, 24964.6, -58630.4, -135840, 191656, 65403.8, 55978.8, -170569, 178856, -52789.4, -35127.7, -167167, 226933, -7121.03, 79843.5, -212145, 156927, 34591.7, -6371.5, -152888, 60116.1, -28742, -12328, -51223.5
4251, 32658.1, 28150.6, 15681.1, -5309.11, 293336, 1577.32, 152125, -250104, 195541, 77507.5, 14757.8, -178653, 800013, -127660, -207928, 761807, 277620, -82257.7, 48353.9, -260632, 73320.9, 31565.1, 23136.8, 61656.9
4262, 62328.5, 57084.4, -24784.5, 3454.08, 89255.4, 47521.7, 4747.53, 75008.5, 86376.9, -20430.9, -19955.8, 81248.7, 59968.7, -23642, 49023.5, 24284.3, 66987.8, -44568.3, 14227.4, -47157.7, 121199, -12827.7, 23438.1, -118115
4277, 52100, -30186.6, 37156.2, -20556.8, 93828.4, 31272.2, -32421.6, 82163.8, 156820, 41219.2, 9593.84, -150871, 81770.1, -52590, -50936.8, 33600.8, 39812.5, -26019.3, 28537.4, 8730.48, 44128.5, -33399.3, -7355.49, 27098.5
4279, 36459.9, 20810.8, 26927.8, -13081.1, 202119, -19279, 131601, -151422, 173476, -62097, -546.568, 161759, 267308, -37083.4, -126911, 232106, 126397, 58489.4, -5855.43, 111282, 172997, 7481.19, -48648.1, 165583
4305, 40315.8, 37209, -4593.34, -14823.6, 109531, 91371.7, 45053.9, 36547.2, 74462, -55168.4, -41226.8, -27307.3, 53244.6, -3121.55, 40870.5, 33306.8, 35594.8, 10040.5, -33756.4, 889.241, 58961, -8817.33, 29711.7, 49742.2
4336, 41977, 35446.1, -5035.54, -21915.2, 151791, -57895, -78516, -116007, 75893.7, 54908.2, -4729.08, 50651.9, 296345, -13391.8, 269392, 119451, 220687, -2655.78, -90739.9, 200951, 50297.7, -2300.78, -47765.6, 12035.8
4344, 115550, 3337.49, 90411.3, 71878.2, 41412, 32764.6, -23383.2, 4922.98, 54562.8, -36804.9, -10433.3, 38204.4, 248327, -33433.4, -61717.5, 238027, 78152.2, 1265.99, -51944.8, 57762, 30752.6, -28973.1, 7688.28, -2833.93
4360, 69350.6, -62380.3, -10921.9, 28264.9, 58197.2, 40762.8, 33353.5, 22743.6, 38177.9, 35546.8, -5720.84, -11062.8, 77407.6, -17217.1, -74092.3, 8408.98, 93359.4, -28983.3, -20894.2, 86056.9, 29239.8, -28360, 465.965, 1741.4
4368, 55901.8, 29145, -450.985, 47700.7, 132650, -34814.9, -70506.6, 105984, 59264, 42690.6, 39512.3, -393.537, 297070, -14981.7, 66003.1, -289163, 64262.9, -17147, -56272.2, 24874.3, 27704, 25175.1, 7274.31, 8320.24
4380, 102388, -45947.2, 10677, -90874.4, 79881, -49504.4, 14108.1, -60742.6, 64971.9, 21660.6, 38014.2, -47478.1, 69212.4, -51328.2, 2914.58, 44999.8, 102389, 23793.9, -44783.4, -88782.6, 59470.7, 16730.2, -28779.1, 48976
4384, 115185, -37608.3, -51508.8, 95916.4, 173232, -133774, -12178.9, 108342, 369251, 96468.4, 12083.4, 356157, 238733, -136336, -193408, -21678.8, 454295, 151593, 101494, 415784, 306387, 61300.1, 126371, 271875
4385, 105344, -39964.2, -35433, 90799.9, 80159.6, -74219.7, 15961.1, 24717.9, 128521, 45642.5, -45957.4, 110256, 298401, -15135, 69796.8, 289500, 121914, 36448.7, 6456.56, 115924, 42612.5, -12090.1, 34984.7, -20545.3
4396, 59733, -261.486, -28566.6, -52458.5, 130497, -95397.7, -46896.6, -75202.4, 326885, 37519.2, 66337.4, -317861, 45948.4, -13430, 39592.2, 17247, 156327, 36712.6, 335.187, -151867, 63554.1, -23405.3, -27218.5, -52133.8
4412, 30576.6, 15868.9, -25858.1, -3801.88, 270264, -46686.7, -71610.2, -256292, 91758.1, -59999.5, 38461.2, -56260.9, 146627, 56536.9, 91341.2, -99189.4, 90499, -3507.93, 87982.7, -20580.4, 59881, 16186.6, 24527.8, -51870.3
4427, 242088, -3236.74, 42983.1, 238220, 245049, 8011.18, -77190.4, 232246, 68056.4, 9748.37, -66812.1, -2831.57, 120564, -7326.54, 46270.2, 110935, 49863.4, -46361.3, -1399.96, 18003.8, 31248.9, 3320.79, 28449.2, 11962.1
4445, 105550, -24414.5, 102328, 8575.26, 92164.6, -89172.6, -14537.9, 17469.4, 245741, 84996.4, 14653.9, 229910, 423261, 32780.4, -75545.8, 415106, 137869, 22986.9, -68934.7, 117011, 111697, 39890.6, -22409.7, 101647
4479, 100276, -87983.8, 11823.2, 46629.9, 135872, -42672.7, 124906, 29155.7, 358762, 72016.9, -46332, -348165, 117612, -5901, -68315.1, -94207.5, 75574.3, 50180.2, -10778.9, -54600.5, 49703.6, 20487.4, 18432.3, -41037
4484, 91739.9, 42075.6, -9165.3, 81005.2, 194086, -11964.7, 134161, 138627, 88383.8, 67288.4, -31574.4, -45705.6, 117670, -54638.2, -50781.7, 89052.8, 127526, -48212.2, -28046.2, -114178, 67841.9, -9662.56, -35364.8, 56748.5
4487, 49408.4, -36669.9, 5619.22, -32633.1, 94760.8, 16317.5, -87083.3, -32363.5, 83397.9, 59395.4, -12318.8, -56650.1, 71870.6, 13282.6, 37402, -59818.4, 30617, -29786, 4689.93, 1938.2, 40651.6, -19158.2, -22744.3, 27311.5
4492, 115863, 52271.3, -32720.5, -98088.4, 156498, -10757.9, 100137, -119289, 26350.7, -17495.6, 18044.4, -6784.39, 54827.5, 43455.7, 11938.8, 30670.9, 84215.4, -20983.8, -38823.6, -71212.6, 49434.2, 2549.77, -27721.3, -40313.8
4503, 83550.1, 42770.9, 69723.5, -17026.4, 73190.5, 34240.2, 24929.2, 59456.5, 163773, 25222.1, -19126.2, 160582, 204149, -29822.2, -60405.8, 192522, 187949, -32413.7, -8930.06, 184844, 98248.3, -21685.5, 20842.1, 93455.8
4537, 62047.8, 56712.9, -15742.7, 19640.1, 46257.3, 9150.92, -44442.6, -1310.2, 50204.5, -38765, 7065.46, -30261.5, 660940, -133057, 9552.95, -647102, 136980, -47880.5, -2247.14, -128181, 116051, -21384.7, 21927.3, -111865
4548, 107163, 3313.27, -40423.3, -99190.7, 81644.4, 67930.1, -42019.6, 10933.7, 58978, -32822.7, 6811.74, -48255.2, 228907, -195228, 108560, -47234.6, 144543, 68544.9, -70227.9, -105119, 302586, 61783.3, 22871.4, 295268
4558, 330628, -140427, 28889.2, -297927, 501965, 114123, -63640.9, -484481, 30666.7, -1837.38, 30060.6, -4229.36, 104869, 61725.6, -28433.2, -79270.3, 111342, 51475.3, 2726.83, 98453, 64364.3, 16120.7, 33663.7, -52193.6
4574, 56389, 41393.7, 35478.5, 14406.3, 193459, 192367, -830.301, -8499.24, 45759.6, 8848.39, -44149.4, -1929.95, 125715, -112841, -10310, -52954.4, 104245, -99609.5, -9558.81, 28692.8, 66510.5, -22159.8, 38172.6, -49329.9
4582, 161832, 79357.9, 4218.8, 140975, 491075, 51738.7, -79265.9, 481787, 402260, -89468.7, -25308.9, 391292, 75105.3, -3901.54, 48768.3, -56178.8, 135963, -31622.5, 16708, 130969, 63423, 21925.3, 15104.3, 57385.8
4593, 36621.9, -1675.25, -30257.4, 20562.9, 81389.1, 37064.3, -18768.2, -69754.5, 36984.3, -36527.7, -640.801, -4207.61, 108002, -50532.5, 35547, 88237.1, 71985.4, -56031.3, -19387.7, -40604, 41531.8, -36703.7, -11710.3, 15298.5
4605, 34285.3, -15408.4, 29540.5, 8087.66, 190936, 45635.5, -19690.7, -184126, 56092.7, 4183.86, -41364.7, 37098.8, 55769.8, 46317.7, 29243, 3409.54, 40714.8, -14255.5, 29431.7, -23657.3, 85603.4, 16103.4, -23520.6, -80468.2
4606, 84382.2, -5173.43, -44999.6, 71194.2, 331965, -57267.2, 183955, 269592, 54156.6, 8899.29, -46342.7, 24897.7, 86532, 73082.6, 17038.4, -41796.2, 238004, -59244.6, -31692.2, 228155, 40899.4, 5430.11, 37474.7, 14794
4624, 183841, -51638.9, 16055.8, -175708, 134969, 57277.4, 120297, -17639.5, 77383, 14045.2, 21382.9, -72891.3, 155252, -7119.15, -121721, -94520, 70454.7, 49184.9, 17925.6, 46893.2, 48624.5, -40533.6, 7459.62, 25459
4658, 84568.6, 23895.3, 40678.8, -70186, 150784, -122112, -81946.2, -27638.1, 91947.1, 33185.4, 1571.21, -85458.9, 89562.9, 74320.9, 3170.21, 48232.3, 84661.8, -3501.68, 53842.7, -64707.2, 40043.7, -27572.1, 25074.4, 13214.3
4678, 68725.4, -3366.21, -31543.6, -60965.9, 236366, 24682, 104979, -209952, 96129, -83464.9, -45053.3, -10969.6, 68100.1, 61732, 25227.6, 5467.03, 113603, -30348.2, -12935.2, -108537, 34236.4, -17631.1, 20411.5, -20613.7
4682, 94530.2, -35013.4, 24400, 84348.4, 115608, 69039.6, 46480.6, 78896.8, 54520.9, -34282.5, 15551.9, 38830.5, 242695, 19962.6, -114454, 212350, 74819.8, 6638.27, 50503.2, 53878.7, 44759.3, -31843.9, 19829.4, -22862.5
4694, 81427.1, 76066.8, 15467, 24596.3, 86466.9, -10941.2, -80005.5, 29624.5, 76018.4, 2538.18, -28111.5, 70471.6, 190986, -9907.64, 57832.6, -181287, 53440.4, -15570, 50221.6, 2013.64, 35635, 28956.8, -15699.7, -12604.2
4710, 93068, 14376.2, 86283, 31783.8, 413201, 4424.58, -240979, -334527, 57581.9, -23350.6, 42616.4, -29347, 227381, -10284.5, 145116, 174414, 171211, 57405.7, -49029.9, -152422, 104634, -25548.9, -21491.1, -99099
4712, 220866, 37533.2, 59228, -209440, 224119, -60881.2, 45911.2, -210563, 65951, -35138.5, 27284.3, -47955, 483500, 82803.8, -66769.8, -471377, 201280, 9658.22, -73028.9, -187160, 60535.1, -30417.6, 5964.16, -51522.4
4713, 82659.6, 22961.6, 34474.5, -71532.4, 394008, -17747.1, -83225.9, 384642, 54327, -25577.7, 18508.3, 43646.4, 39135.9, -17793.7, -30847.5, -13836, 29580.9, -24793.7, -14288.4, -4190.92, 83449, -24217.5, 13109.9, 78546.3
4751, 67538.2, -49478, -13028.9, -44085.9, 320762, 49918.2, -113395, -295549, 133271, 85715.2, 45782.3, 90341.7, 207549, -103155, 97511, 150250, 136424, -85918.5, -52188.1, 90028, 82788.5, -44060.9, -2736.61, 69244.5
4762, 74643.4, -4788.8, 38603.6, -63706, 123492, -41941.3, -93504.1, -67673.9, 204153, -42756.2, 74247.7, 185064, 540615, 120097, -8149.59, 526598, 196115, -64957.6, 5996.26, 184923, 66888.3, -23494.5, -37838.3, 49278.9
4765, 56768.7, -30039, 22730.4, -42469.5, 124637, 92981.9, 29876.9, -76071.8, 114129, -90642, 4073.33, -68514.7, 108113, 18021.7, -65464.2, -83393.3, 257092, 41497.3, -44344.7, 249795, 44784.3, -22266, -37849.8, -889.287
4779, 188170, -18992.1, 26770.8, 185285, 99703.2, 2557.84, -68506.8, 71853.5, 75727, 54414.3, -30366.4, -41530.5, 87311, -48742, 39062.9, 60377.7, 72498, -35601.1, -17091.9, 60365.9, 32901.6, 15208.7, 21126.4, -19299.5
4789, 357964, 82112.8, -28366.2, 347262, 424466, 35454.8, -82640.4, 414699, 64498.5, -62954, 4760.5, 10145, 91629.2, -32359.3, 73113.2, -43129.4, 52477.8, -2561.82, 41436.7, 31234.9, 30568.6, -14379.3, -25020.9, 8590.45
4801, 171909, 40229.8, -9247.45, -166880, 232137, 114846, -9028.19, -200964, 209528, 71817.8, 49419.5, -190330, 83799.9, -68493.8, 38647.5, -26092.1, 180240, -33650.1, -5482.73, -176921, 96025.5, -28615.8, -12834.1, 90600
4803, 43550, 18108.7, 27613.5, -28392.9, 97379.3, -30080.9, 28303.3, 87645.2, 123805, 20055.2, 27432.2, 118927, 63260.1, -48763, -14964.3, 36609.4, 148806, -3821.79, -48513.2, 140513, 116275, -33216.4, -5856.61, 110999
4805, 34511.1, -32560.6, -7144.79, -8931.19, 129516, 111415, 7348.97, -63431, 114717, -78215.3, 40699.9, -72091.7, 326055, -44102.6, -91916.2, 309495, 95517.9, 66387.6, -65623.8, 14588.6, 42461.8, -27198.2, 31340.7, -6763.99
4806, 145506, -43261.4, 37848.4, 133671, 105880, -26892.2, 67394.1, 76782.7, 116836, 8111.83, -67740.9, 94338.1, 273400, 128369, -20215.6, 240285, 257308, -41970.9, -3694.38, -253700, 131956, 13291.7, 26520.5, 128495
4809, 108521, -81086.5, -53042.7, 48869.1, 140714, -97385.4, -72946.6, -70366.5, 230798, 59953.6, 75920.9, 209162, 163700, 85383.6, 97683.8, 99192.7, 276264, 11800.9, -91639.3, -260022, 157296, -31536, -1343.66, -154036
4852, 109866, -44592.4, 49482.5, 87369.5, 208570, 99608.5, 128565, -130036, 76538.2, 37624.8, -28909.8, 59742.9, 585186, -54864.3, -150044, -562834, 60354, -41843.1, 9638.05, -41533, 38609.8, 27794.9, 26246, 1778.65
4857, 192611, 158623, -90161.2, 61714.1, 95537.4, 44493.3, -82548.8, -1670.44, 73754, 16237, 70539.8, 1454.56, 201087, -172943, 97385.5, -18368.7, 67814.4, -61821.7, -5598.24, 25655.1, 28869.9, -15595.7, 20344.3, -12158.6
4932, 139844, -44315.7, -55660.9, 120392, 233028, 96932.9, -154929, 143552, 452097, 48691.3, 116069, -434129, 218247, -60642.8, 65762.8, -199022, 312869, -62744.3, 38423.3, -303739, 39233.7, -14066.8, 34973.2, 9298.05
4939, 44210.4, 24872.2, 29284.1, -21871.5, 329486, -81517.5, 53693.9, -314514, 79912.9, 38892, -21894, 65883.9, 96903.1, 24754.6, -90039.6, 23406.6, 74265.3, 27832.1, -46857.1, -48897.4, 171360, -14514.2, 38267.1, -166343
4973, 85588.5, -20123.3, -19853.1, 80785.5, 138062, -113900, 38993, 64368.3, 119775, 51450.9, -10723.2, 107229, 233108, 7391.43, -110370, 204936, 314335, 26848.9, 68696.6, 305316, 55179.8, -24596.2, -19582.7, 44802.6
4975, 427239, 188206, 38799, -381585, 328030, -244074, -93514.3, 196440, 187018, 111435, 51783.1, -140317, 80098.2, -34550.4, -60342.9, 37983.6, 42560.3, 34001.2, 23357.2, 7341.02, 51805.4, -14724.5, 26894, -41310.2
5008, 158515, 14174.2, 24895, -155905, 180942, -173212, -427.698, -49654.9, 301176, 121720, -2688.9, -274788, 324884, 150028, 133291, -254446, 69339.2, -25157.5, -62022.5, 12343, 63578.4, -47821.7, -19057.6, -36205.8
5029, 310113, -33928.5, 92278.1, 294115, 236696, 92522.8, -22439.6, 216320, 42814.2, 31378.9, -16215.2, 23289.4, 552574, -49786.8, -86979.5, 543352, 105793, -32917.3, -26553.5, 96795.4, 32412.2, -25629.3, -9230.64, -16231.5
5060, 90192, 58640.4, 37276.3, -57501.1, 220725, -118361, 47397.3, 179820, 62797.1, 54093.8, -19295, -23767.6, 371051, -12010.2, -65828.3, 364803, 49813.6, -4966.64, -31165.4, -37957.9, 32173.7, -29312.4, 7253.69, -9878.37
5094, 115249, 64378.6, 2004.28, 95570.2, 74881.6, 55734.5, 42372.4, 24997.3, 105461, -13579.9, 30403.5, 100053, 173761, -67062.3, -15793.8, 159314, 39546.1, -35594.2, 876.201, 16844.8, 128353, -16268.2, -25431, -124655
5104, 37065, 31504.6, -17062.6, -9494.13, 67884.6, -62380.6, -24468.9, 4666.28, 132362, 26305.3, 20710.1, 127948, 152962, 119185, 40033.9, 86456.1, 441283, -98206.3, 25368.9, -429197, 41487, -803.323, 37187.5, 17128.3
5111, 82872.8, 30411.9, 28100, 71787.2, 146953, 59467, -15028.8, 133314, 111099, -54713.8, 22371.4, 93724.3, 383575, 62467.6, -164904, 340208, 197471, -32222.5, -62082.7, 184382, 159135, -46858.7, 23906.3, 150070
5114, 81751.2, -69789, -3428, 42438.2, 171913, 66437.4, 27816.8, -155921, 103040, -61538.5, 13829.6, 81210.1, 259463, 106819, 36246, 233543, 99426.8, 40411.3, -71521.9, -55541, 63873.4, -9098.69, 62623.9, -2152.78
5136, 190712, 89600.2, 50807.7, 160504, 198914, 12871.2, -57398, 189836, 35044.2, 27901.4, 2259.61, 20674.5, 114697, -79468.8, -10616.1, 81910.9, 42815.1, -18042.2, 20408.5, 32840.5, 29340.7, -26394.9, 1653.03, 12302.1
5150, 95444.6, 41806.3, -74676.2, 42253.6, 122664, -100079, 69466.5, 4028.1, 170613, -66184.3, -30742.6, 153875, 154935, 102512, 12174.9, -115173, 119016, 34930.1, -30285, 109275, 36433.1, 20094.1, 23804, -18321.3
5171, 62934.1, -22962.4, 26954.8, 52027.5, 156435, 116442, 88541.1, 54687.6, 174153, -74082.1, -1894.1, 157184, 271808, -86621.4, -124364, 225214, 323131, -31313.9, -101274, 305135, 48145.5, 9786.56, -45552.2, -9272.19
5210, 134788, 73545.5, 15922.9, 111828, 104306, -39042.2, -85914.7, -41258.9, 54100.8, -4755.79, 29629.6, -44629.1, 130238, -102168, -16238.9, -78447, 100336, 51357.3, 70064.3, 48470.2, 61451.1, -6223.61, -24391.8, 55764.3
5217, 90220, 27363.3, 29156.7, 80875.1, 421539, -33719.4, 151850, 391728, 66910.4, 37741.6, -52667.9, -14222.4, 199094, -76292.1, -132466, -127095, 140909, 76631.8, 16947.4, 116602, 88167.1, 53440.7, -50917.2, 48062.8
5231, 170837, 93764.6, -16379.1, -141864, 83482.6, -80486, -19470, 4412.43, 79951.7, -19528.7, 60842.8, -46546.4, 139958, -41649.3, -10958.8, 132980, 30139, -8262.49, 25489, 12272, 27320.2, 25081.8, 5790.22, 8148.29
5239, 52162.6, -36742.8, 21090.6, -30431.6, 155897, 72328.5, 95836.7, -97630.2, 114562, -32410.1, -33133.5, -104608, 78540.7, -41458.1, -53870.3, -37020.3, 205176, 2461.29, -43637.1, 200344, 149431, 32468.3, -24232.9, -143756
5251, 64504.3, -37008.6, -7555.22, -52288.5, 397445, -46347.5, -95911.1, -382531, 104260, 37541.4, -14055.4, -95922.8, 92126.9, -58191.1, 54110.5, -45942.4, 43131.8, 21811.7, 35774.2, -4850.02, 37332.8, 34906.6, 9684.9, -6055.04
5301, 54705.9, 32030.3, -40647.8, -17735.5, 56940.5, -47320.9, 6965.42, 29815.6, 168880, 37882.9, -23092.8, -162692, 247045, -2917.14, 101310, -225156, 105579, 44116.1, 34573.3, -88874.9, 131866, 35111.1, 25802.3, -124167
5304, 116197, 21075.3, 43490.2, 105670, 590983, 14809.1, 211900, 551264, 73721, -3302.3, -56216.1, 46390.9, 159293, 22766.7, -51448.5, 148679, 230353, 2564.62, 55767.2, 223473, 172409, 32074.8, 28206.4, -166866
5366, 89468.8, -5491.98, -34545.1, 82347.6, 204266, 190687, 69835.6, 2355.47, 254027, -105161, -48021.1, 226093, 353317, 27579.7, 53970.9, -347982, 47204.7, -19260.9, -37054.6, -21017.1, 32921.5, 31209.6, -7472.38, -4989.02
5409, 63599.8, 22996.4, 24094.3, -54180.7, 146885, -65338.6, 60267.1, -116172, 186921, -27315.8, 39857.7, -180326, 297056, -12631.1, -53948.2, -291794, 173356, 39894.6, -29719.5, -165977, 31742.2, -3296.64, 29672.3, -8277.56
5412, 244476, 27308.9, 87257.2, 226736, 94200.2, 61835.3, -5358.27, 69924.1, 28976.6, -23497.6, 16050.1, 2693.58, 226317, -23447.4, -76041, 211734, 165864, 40434.2, -12565.4, 160296, 43617.4, -33917.2, -19256.5, -18965.4
5440, 41220.4, 30173.3, 13290.6, -24739.5, 48192.9, -27458.4, 14884.9, 36229.7, 28440.2, -26169.2, -5233.16, 8390.04, 82317.2, 47877.9, -47955.8, -46121.3, 46418.3, 21248.2, -27723.4, 30344.9, 85465.4, 10659.7, 23698.6, 81159.6
5491, 538572, 222108, -226914, 435014, 555891, -147858, -80076.2, 528927, 147612, 45364.8, -12508.3, 139741, 636758, 77441.2, 373209, 509480, 438710, -244182, -57075.3, 358888, 72230.6, 27840.9, 3002.89, -66432.5
5496, 126644, -47920.5, -15032.1, -116260, 178889, -56460.4, -53340.2, -160666, 175867, 45432.8, 35917.8, -165818, 1.07277e+06, 205931, -51364.9, -1.05137e+06, 312669, 26700.9, -44996.2, -308212, 41672.2, -28343.6, 10451.5, -27980
5498, 133262, -4150.92, -38539.8, -127500, 67502.7, 2080.1, 62135.3, 25279.9, 45271.7, 33759.7, 27057.1, 10020.2, 104864, -89963, -51235.4, -4235.49, 106282, 52948.7, -11513.3, 90913.6, 50387.2, -24968.7, -2372.4, 43456.9
5500, 77178.4, 54814.1, -36575.1, 40176.7, 227759, 198905, -108270, 19391.4, 326845, -160487, 94904.2, 268125, 368441, -98460.8, 39555, 352693, 53928.3, -29555.6, -43225.4, 7249.26, 51784.4, -6046.49, 27707, 42990.4
5509, 57937.5, -30317.6, 41934.8, 26058.7, 83348.1, 14672.7, -79735.4, -17095.2, 169439, -30152.8, -30527.5, 163808, 82573.4, 39699.3, -1998.94, 71989.3, 37115.1, -8305.43, 34862.1, 3291.01, 37325.1, -17220.9, -25180.6, -20299.4
5518, 196316, 8723.05, -42622.3, 191435, 149816, -118502, 87043.6, -25877.4, 122851, 35767.7, -79021.5, 86480.8, 627998, 197766, 75050.3, -590052, 97126.1, 18113.2, 94372.3, -7933.82, 145268, -75200, -45083.9, -114662
5525, 36325.2, 19601.4, -19808.8, -23300.2, 149467, -56604.1, -58130.8, 124190, 71773.9, 2288.17, 38941.3, 59793.8, 117154, 59136.7, -20278.7, 98781.3, 58939.9, 47977.4, -22771.7, -24525.4, 31929.7, -5824.17, 25047, 18315.6
5546, 114729, -61045.6, 3965.14, 97059, 131395, -122360, 32399.5, 33861.8, 55460.4, 29937.6, 44691.3, 10439.2, 277080, 116681, -26179.9, 249511, 84528, 42958, -37092.9, 62243.2, 103727, 6625.94, 34723.4, 97343.3
5559, 152163, 93939.7, -112780, 40119.3, 70357.6, 52870.2, 25547.5, 37851.5, 44420.8, 29285.7, 922.149, -32996.2, 310097, -141586, 50760.5, -270885, 81762, -74473.5, 22257.2, -23681.1, 35457.6, -1296.3, 34996.3, 480.542
5561, 31563.1, -20433.5, -22826.7, -7591.39, 170237, -44319.3, -13818.7, 163690, 51344.3, -39723.7, -14472, -28609.9, 77893.5, 54361.2, 50545.9, -20071.5, 62085.8, 5815.34, 33103.3, 51599.1, 45867.3, 24341.9, -11553, 36939.8
5578, 316535, 191408, -218147, 126369, 246654, -48427.7, 134615, -200458, 34463.8, 20775.5, 24899.7, 9617.9, 379768, -221652, 137877, -273813, 60829.6, -43223.6, 38387, -16696.6, 142890, 20025.8, -19652.9, -140068
5618, 101335, -54295.7, 48267.7, 70647.6, 141729, 117976, 4175.09, 77207.8, 87220.1, 36658.8, 73462.7, 23774.6, 186922, 73265.8, -56941.8, 161609, 81864.2, 6269.63, -68678.2, 43386.1, 38875, 28452.6, 21017.1, 14901.5
5625, 178209, 823.511, 70803.1, 163538, 173010, 79678.6, -1195.26, 153191, 101353, -37773.8, 69051.5, 62782, 108272, 62901.2, -32294.9, 81824.1, 108012, 11101, 28708.2, 103361, 31866.9, -10541.1, -28907.3, -6437.9
5643, 69155.7, 7810.49, -48729.8, 48444.8, 44778.4, 43259.3, 7867.79, 5104.5, 45058.3, 3703.93, 39937.6, 19688.1, 88082.1, -37782.5, 70110.8, -36160.9, 126124, 22369, -49772.9, -112948, 43337.7, -34474.8, -12170.5, 21821.5
5645, 47810.4, 46435.5, -3000.31, -10980.1, 182065, -11408.2, -93675, -155451, 80321.6, -62868.5, 24884.2, -41715.8, 102151, 61748, 21927.5, 77223.6, 38591.6, -36135.8, 10332.9, 2953.7, 120558, 20113.2, 17005.9, -117575
5665, 71314.1, -4887.1, -38037.3, 60124.6, 190384, -32545.5, 35741, -183961, 82818.9, -34464.1, -3456.13, -75015.6, 512964, 71716, 45885.3, -505747, 95547.6, 8884.08, -66770.4, -67365.9, 40598.1, 3006.07, 24906, -31579.2
5667, 59563.4, 25472.3, 17371.2, -50962.7, 102707, 87537.9, -27339.4, 45607.4, 42387.2, 18521.3, 29581.9, 23680.9, 82978.8, -81108.4, -12399.1, 3919.47, 144940, 52703.1, 50831.1, 124769, 46368.8, -25106.9, -32846.4, 19969
5679, 54879.9, -52876, -13498.2, -5806.96, 205705, -95654.9, 102914, 149365, 86897, -65978.6, -8932.38, 55001.6, 157117, 70438, -124169, 63504.3, 450043, 99525.3, 11560.4, -438549, 116621, 16694.4, -55587.5, -100535
5699, 239115, -28356.9, -89408.6, -219950, 116772, -28287.6, 61899.9, -94119.1, 75306.6, 7383.4, -38456.3, 64064.4, 133515, 4235.27, 119516, 58008, 51097.7, 33523.2, -17208.4, -34156.5, 82852, -13745.3, 30122.5, -75799.6
5703, 82139.7, 21079.4, -71957.6, -33536.3, 222466, 58379.4, -200257, 74933.8, 212482, -93695.5, 131721, -137438, 69026.8, -25027.8, 54820.6, 29449, 81626, 21738.5, 20841.7, 75643.3, 132736, 3620.77, 27637.5, 129698
5712, 64126.9, 27044, 53549.6, 22656.3, 50614.7, 27505.6, 29786.3, 29753.7, 49149.7, 20367.4, -16269.2, -41383.5, 493736, -115855, -109698, 467054, 121934, 52233.5, -89928.3, -62500.8, 105256, -29336, 83928, -55566.1
5729, 409459, 92786.1, -103189, -385227, 144035, -73462.2, -13593.7, -123115, 165011, -7383, -72809.3, -147760, 471818, 38114.2, 465604, -62371.5, 472651, -233081, -181344, -368854, 341688, 81429.9, -35187.1, -329653
5765, 94846.8, -6690.5, -85124.5, 41291.3, 304120, 37984.7, 165786, 251655, 35720.5, -31643.7, 10532.4, 11532.5, 169002, -62062, -54535.7, -146930, 52045.4, -24420.7, 33180.2, 31064.6, 65392.4, 34082.4, 13695.9, 53715.5
5770, 171956, 36956.3, 33329.1, -164597, 237199, 31347.7, 116779, -203117, 107529, -72837.8, -3948.24, -78068.4, 79165.4, -6201.83, -77389.5, -8025.14, 52872.2, 35496.4, -130.147, -38196.6, 33322.4, -20628, 15542.1, 20342.6
5849, 79182.4, 22348.2, 19156.4, 73508, 275353, -58301.5, -122961, 238888, 101339, 87789.5, 40744.5, -27529.1, 66914.5, -334.095, 62089.7, 24201.9, 41289.6, -31190.9, -17455.4, 19850.6, 65355.7, 30611.9, -14111.3, 55621.7
5874, 196116, 13006.6, -58147.5, -186846, 158013, 83045.9, -50952.8, -122750, 86199.6, 57384.3, 38584.6, 50206.6, 113135, -1010.72, 109618, -22112.8, 159605, -92521.2, 620.404, 128965, 92084.6, -41248.3, 59143.9, 56198.5
5879, 264102, -106934, 152096, 187569, 76096.8, 5036.23, -34738.4, 67032.5, 99364.2, -26457.5, -18766.6, -93701.2, 306702, 82399.6, -217881, -196595, 140474, 44007.3, -54155.4, -121460, 73834.6, 30153.3, 55945.1, -34998.8
5904, 72104.6, 28839.9, 8102.96, -65587.1, 115184, -85112.5, 35282.4, -68067, 43520.6, 35287.2, -21283.4, 11496.3, 65277, 54352.1, -31399.6, -16038.6, 104893, -3366.36, -48872.4, -92432.9, 98161.7, 20358.3, 31172.3, -90678.4
5913, 34890.3, -25579.3, -23017.8, 5762.42, 252091, 101912, -22329.5, 229278, 39110.6, 33740.3, 13518.1, 12712.7, 80125, -48594.3, 56851, 27538, 370765, -40604.9, -60751.5, -363361, 32747.6, 26913.5, -13913.1, 10299.8
5941, 140964, -50699.8, -101448, 83717.1, 145488, -10511.2, -80238.9, 120157, 55436.7, 14726, 33890.8, -40943.7, 104133, 24847.6, 100313, -6804.85, 80324.5, -34533.8, 60725.6, 38082.7, 297918, -25122.1, 45050.8, -293286
5950, 76511.5, 12434.2, 58342.2, 47912.2, 197857, 154076, -36124.9, 118146, 98481.4, -67127.8, -11897.6, 70624.3, 113362, 53997.9, -77509.7, 62005.5, 180411, -57418, 48206.8, -163989, 86845.5, -7573.4, -28515.4, 81514.2
5953, 66635.9, -13009.8, 55661.1, -34248, 415013, 96330.7, 22579.2, 402741, 111324, -11708.8, -29473.9, -106626, 210659, 51526, -28893.4, 201939, 97743, 7859.29, 41713.7, 87717.1, 129038, -11818.6, -24410.8, 125990
5982, 70214.4, -14356.3, -39889.6, 55971.1, 46170.3, 39835.2, 6853.09, 21478.7, 36766.8, -20970.6, 28570.9, 4855.78, 163478, -75142, -76852.5, 122755, 446048, 93978.6, -13452.5, 435752, 141924, -6612.09, 59122.4, -128512
6012, 59984.1, 16243.5, 56133.3, -13538.4, 110950, 34841.4, -88685.9, -55905.3, 45599.6, 34950.5, -14893.6, 23373.8, 113504, 15253.7, -104348, 38519.3, 96545.2, -58784.9, -75097.2, 10564.1, 47634.9, 12210.4, 42202.6, 16032.5
6016, 110641, 80167.8, 54533.9, 53297.1, 183061, -27530.6, 154171, 92278, 51976.9, 3024.24, -43380.4, -27713.6, 602837, 10924.6, -217649, -561007, 69413.9, -29080.9, 58359.8, -22575, 166494, -38007.1, 46283.9, -154791
6043, 42116.5, -30840.2, 25587.8, -12959, 195454, 142979, -22617.6, 129789, 60386.4, 25196.5, -29735.3, 45424.1, 220162, -101035, 127784, 147672, 69632, -12651.8, -26000.4, 63228.7, 26630.6, -12067.2, -22379.1, 6212.09
6061, 89274.6, 35602, 31843.8, 75421.5, 117022, -60661.4, 26066, 96317, 59122.6, 48677.8, -23474.8, -22225.4, 113028, 78456.3, -19053.2, 78217.1, 74780.2, -70137.5, -20258.6, -11267.6, 44937.2, -40706.2, 12234.8, -13071.9
6065, 177450, -21829.1, -41083.1, -171243, 79997.1, -68000.9, -5078.04, -40996.4, 65061.2, 32065.3, 29450.1, 48058.2, 405301, 94654.2, -22909.2, -393293, 180451, 61564.1, 49496.4, 161793, 84662, -69292, -31646.6, 34798.3
6076, 146494, -8906.51, 36929.7, 141483, 88838.3, -73768.7, 8803.8, 46665.5, 87720.5, 1758.48, -37156.2, 79231.4, 114340, 79534.4, -22107, 78775.9, 151824, 42119.5, 61479.8, 132000, 35742.1, -1592.18, -29570.9, 19228.4
6081, 93823.1, 6573, 43830.9, -82694.6, 227684, -10204.7, -170901, -149593, 92555, -33009, 46430.1, -72607.4, 174849, -48635.4, -48622.6, -160399, 52172.8, -9850.31, 31420.1, 40255.9, 52589, -8338.12, -26575.4, -44461.3
6098, 28289.2, 28255.8, 903.121, 1030.74, 124543, 6787.14, 105224, 64833.5, 187347, -25475.4, -45604.8, 179607, 114947, 6540.05, -39263.4, -107480, 40374.3, 30897.1, 24415.4, -3997.1, 46108.9, 24274.2, 30605.4, 23774.3
6100, 81738, -34057.7, 66643.2, -32861, 162022, -58357.2, -27513.8, 148393, 97671, 27333.5, 42240.6, -83514.1, 137493, 66651.2, -45923.5, 110715, 80466.2, 5668.61, -67753, 42250.2, 28693.7, 10041.8, 26096.8, -2922.81
6111, 62524.9, -332.153, -34587.1, 52086.2, 99911.8, 46494.3, 84655.8, 23498.2, 52123.3, -43746.9, 16053.2, 21750.4, 160449, -28184.9, -53384.8, -148410, 84345.9, 44050.8, 5982.68, -71243.5, 33376.5, -432.426, -32476.4, -5484.78
6153, 39794.7, 11638.7, 36946.2, -9117.09, 125944, 92055.2, -37443.3, -75437.4, 106524, -2536.56, -46070.6, 95725.8, 111564, 195.896, 89902.4, 64487, 86914.6, -18394, -34550.2, -77395.7, 59102.1, -28572.6, -1471.48, 51626
6159, 59812.9, 5029.74, -30600.2, -51145.9, 154330, -69250.6, 109039, -82659, 114794, 40139.7, -105613, 17733.4, 57221.6, 20244.8, 52909.6, 3238.8, 75690.5, 37351.9, -20634.7, -62305, 31414.2, -13038.7, -27615.3, 1249.74
6160, 90651.8, 61401, -52415.5, -41234.4, 184801, -3433.72, -175187, 56393.6, 93465.8, -76503.8, -17692.7, 50106.9, 85989.2, -24485.7, 80591.6, 14355.5, 353838, 26377.6, 68277.4, 346087, 95056.4, 24624.8, 40256.6, 82264.2
6175, 82327.4, 64647, -36947, 35120.7, 92249.3, -48460.9, -48699.5, -59639, 75718, 5788.3, 60750, -43599, 49953.1, -42669.7, -3057.97, -25143.5, 40139.2, 29319.4, -9333.28, -24486.1, 122871, -28860.4, -9063.09, -118799
6179, 36022.6, -34807.4, 7959.65, 4764.92, 80900, -26273.5, 71937.4, -23537.9, 196716, -55576.9, -128.566, -188377, 145337, 47307.7, -55682.1, -125086, 42566.3, -27974.1, -29181.7, -11163.8, 45187.9, 38335.3, 11623.9, -19611.3
6205, 46578.3, -7547.91, -26719.1, -37398.5, 245806, 129639, 51225.1, 201738, 85751.5, -58479.4, -6233.33, -62026.9, 160720, 15560.3, 74379, 141339, 82441.8, 33282.8, 50637, 55656.2, 50409.9, -24741.8, -41960.5, 4396.17
6226, 54834.4, 18924, 43717.9, -27155.6, 164377, -68961, -1470.62, -148955, 69794.3, -39712.8, 24949.3, -50382.4, 135994, 63372.2, -117859, 20391.6, 38442.9, 35764.3, 12817.6, -3045.19, 36510.3, 26336.6, 16504.6, -18579.7
6230, 243964, 28171.9, 160331, -181711, 116516, -68510.2, 79468.3, -49532.4, 193796, -11896.3, -32649, 190585, 411378, 131342, -119813, 370774, 349255, -43972.6, -90612.7, 334075, 27425.8, 1113.76, 26061.7, -6057.87
6259, 68430, -30014.6, -54633.2, -28231, 59032.8, 52590.3, -1717.75, 25619.9, 59261.5, 19901.2, 46734.8, -29424.1, 754217, -112684, -50767, 743918, 117028, 29273.5, -26895, 109875, 142833, 3567.17, 25235.1, 140500
6267, 58086.9, -2149.93, 41688.1, -40392.6, 221502, 98518.4, 116575, -159789, 183407, 11679.9, -39869.2, -178518, 226239, -74685.7, -213029, 6403.25, 572707, -2022.39, 95984.6, -564548, 54280.9, -9639.41, -42239.3, 32102.9
6304, 37451.9, -6661.1, 31816.3, -18600.7, 193107, 17528.7, -67694.1, 179831, 53258.7, 30674.6, -42315.4, 4627.01, 163026, 87384.2, 14959.4, 136200, 127046, -28549.4, 67262.9, 103420, 51050, -6023.54, -28019.8, 42084.5
6324, 101814, -12907.9, 55411, 84434, 45876.7, 42421.6, -13736.4, -7436.93, 144674, 11600.6, -31229.7, 140638, 460801, -308282, 45233.6, 338250, 443445, 279931, -134320, -315259, 71768.8, 15480.3, -39605.8, -57697.6
6353, 306651, -131443, 58924.4, 270713, 279879, -28999.3, 50880.1, 273364, 125815, -33224.1, -43587.1, 113016, 142408, 104237, -88997.5, 32313.1, 173204, 85985.1, 63356.7, 135506, 192989, 48168, 6571.94, 186496
6362, 41754.3, -39205.2, -12889.5, 6342.38, 164551, 83809.3, -110100, 88014, 79289.8, 68032.4, 37508.6, -11307.7, 410028, -99020, 75964.2, -390477, 108597, -55299.5, 89803.6, -22705.5, 35319.5, 29328.9, 5920.19, -18219.4
6380, 46921.7, -23824.2, -39234.7, -9730.37, 157607, -78806.6, 108275, -82774.2, 130077, 56798, -66294.5, 95977.8, 58972, -34313.9, 9230.2, 46915.6, 28378.2, 12497.7, 24523.6, -4320.87, 96403.7, 24737.1, -10902.2, 92436.8
6382, 513812, -200208, -26648.3, -472450, 504093, 165254, 101432, -464829, 353269, -73511.9, -32588.9, -343907, 269839, 168876, 90365.3, -188565, 199968, 130374, -116120, 96598, 43097.4, -19881.6, 29015, 23854.1
6388, 36538.8, -34582.3, 3407.14, 11292.6, 184262, 23571.5, 78600.9, 164719, 233323, -72789, -18565, -220741, 59859.9, 28577.2, 47492, -21969.4, 56129.9, 39515.6, -38553.9, 310.866, 148768, 21748.2, -47664.8, -139143
6391, 32329.2, -27502, -7358.03, -15318.8, 132231, -89706.8, 34931.5, -90167.2, 100885, 60221.1, -46046.8, 66082.9, 57501.2, 24916.5, 33284, 39438.9, 148296, -40004.8, 10911.9, 142299, 38487.6, 35261, -8031.3, 11970.5
6454, 73422.2, 67075.5, 15932.9, 25255.3, 226310, 146995, 170277, 24202.2, 298470, -110111, -70133.1, 268123, 93860.1, -18510.3, -54693.4, 73382.4, 84420, 18419.8, -33501.2, 74553.6, 124565, -35074.9, -5837.96, 119300
6466, 401410, -11086.2, 80638.2, 393070, 665903, -100496, 197344, 627915, 107000, -22225.2, -76227.5, 71233.6, 236978, 66452.3, -224399, 19927.5, 56748.9, 39163.8, -34151.5, -20316, 72955.2, -280.659, 45747.2, 55636.9
6477, 123944, -23101.8, 30788.6, -117815, 127881, -65837.8, 99084, -41828, 212009, 189.566, -69296.4, -200263, 115298, 57583.3, -80646.2, -57863, 55266.1, 30920.7, -1704.29, -45310.8, 38922, 22407.3, -12064.5, -29302.2
6500, 126025, 78408.2, -52401.2, 83597, 55412.3, -16517.6, -51899.5, 5369.96, 55218.5, -9001.45, 30677.9, 44609.3, 84193.2, -60485.4, 19359.9, 54089, 68730.1, -45476.5, 42660.4, -26820.2, 89483.5, 31982.8, -26125.6, 79010.5
6583, 59438.9, -40544.6, -3789.63, -43298.3, 108614, -10184.6, -74049.3, -78293.7, 40766.5, 19647.1, -29646.8, -19306.1, 120792, -39261.9, 64369.6, -94060, 54202.4, 44171.5, 5319.71, -29942.7, 35270.6, 4866.95, 29195.8, -17997.8
6584, 68232.5, 6250.1, -56522.5, 37706.7, 88868.7, -325.446, -83394.3, -27004.5, 58819.1, 18603.8, 49889.7, 22652, 349347, 9538.82, 77979.4, -340139, 77962.3, -77464.9, -2583.02, -360.271, 125830, 6805.78, -33350.4, -120887
6604, 43218.9, 34492.7, -25156.8, 6726.5, 151618, 78273.7, -14714.1, -128552, 31837.8, -12028.6, -29102.4, -352.093, 102946, -68213.1, 60751.8, 46929.1, 111282, -23134.2, 16762.5, -107339, 62774.6, -8356.32, 25015, 56867.1
6641, 86885.3, -7557.55, -31239.9, -80721.8, 114024, 26492.5, -101532, -43498.7, 84445.7, -60726.4, 46638, 34094.9, 203322, -39119.7, 96816.7, 174307, 110715, -70199.4, 21337.4, 82835, 99877.4, 29600.9, 55901.9, 77154.9
6643, 81871.7, -50161.3, 36092.5, -53704.2, 143207, -9970.38, -51231.3, 133141, 58707.7, -1300.46, 48374.9, -32858.1, 58096.9, 42340.8, -11990.1, 37321.2, 40305, 33951.5, -18561.4, 9399.27, 82555.9, 35932.6, -4996.97, 73852.6
6654, 52854.1, -20063, 48058.8, -9020.45, 248153, 60135.3, -51598.8, -234889, 183606, -40178.9, -3437.84, -178967, 93941.5, -37874.8, -11810.5, -84984, 173295, -26140.2, -24105.8, -169510, 25931.8, 14757.5, 20779, -2465.46
